dataset,policy,seed,alpha,marginal_test_risk,marginal_aggregate_violation,max_stratum_over_alpha,hidden_stratum_violation_rate,hidden_certified_violation_rate
csv-diabetes,greedy_entropy,0,0.12,0.09916727009413469,0.0,2.7471740184721876,1.0,1.0
csv-diabetes,random,0,0.12,0.11279869659666909,0.01,3.1173809243887933,1.0,1.0
csv-diabetes,greedy_entropy,1,0.11,0.1003427468018344,0.0,3.570857003354921,1.0,1.0
csv-diabetes,random,1,0.11,0.10475561187545257,0.0,3.3586780790411956,1.0,1.0
csv-diabetes,greedy_entropy,2,0.12,0.09783972966449431,0.0,2.6952035280880744,1.0,1.0
csv-diabetes,random,2,0.12,0.11306480811006518,0.14,2.674099242506393,1.0,1.0
csv-physionet,greedy_entropy,0,0.15,0.13362112112112118,0.05,0.8908074741408075,0.05,0.0
csv-physionet,random,0,0.15,0.13557932932932934,0.05,0.9038621955288623,0.05,0.0
csv-physionet,greedy_entropy,1,0.17,0.1415092592592592,0.0,0.8324074074074069,0.0,0.0
csv-physionet,random,1,0.17,0.1414861111111111,0.0,0.832271241830065,0.0,0.0
csv-physionet,greedy_entropy,2,0.15,0.1330672626649638,0.0,0.8871150844330923,0.0,0.0
csv-physionet,random,2,0.15,0.13255108556832695,0.0,0.8836739037888465,0.0,0.0
cube,greedy_entropy,0,0.08,0.06685277777777779,0.01,2.219264159517957,1.0,1.0
cube,random,0,0.08,0.06885277777777778,0.05,1.898685187897927,1.0,1.0
cube,greedy_entropy,1,0.09,0.07393611111111112,0.01,2.2678519844989586,1.0,1.0
cube,random,1,0.09,0.07770833333333334,0.11,1.5970010265771475,1.0,1.0
cube,greedy_entropy,2,0.08,0.06288333333333333,0.0,2.3004284637371257,1.0,1.0
cube,random,2,0.08,0.06538888888888889,0.0,1.739973223453005,1.0,1.0
fashionmnist,greedy_entropy,0,0.09,0.07838650793650795,0.0,2.0140367210302346,1.0,1.0
fashionmnist,random,0,0.09,0.08250714285714288,0.07,2.3368728524888756,1.0,1.0
fashionmnist,greedy_entropy,1,0.08,0.0715111111111111,0.01,2.3237385899970637,1.0,1.0
fashionmnist,random,1,0.08,0.07162301587301587,0.0,2.5516720326774807,1.0,1.0
fashionmnist,greedy_entropy,2,0.1,0.09065079365079365,0.0,2.1281251747339187,1.0,1.0
fashionmnist,random,2,0.1,0.08933968253968255,0.0,2.4111366659798414,1.0,1.0
tabular-adult,greedy_entropy,0,0.18,0.16295085995085998,0.03,1.1546436673457188,1.0,1.0
tabular-adult,random,0,0.18,0.16481818181818184,0.0,1.434977689796564,1.0,1.0
tabular-adult,greedy_entropy,1,0.18,0.16333109969473603,0.0,1.7787298751154401,0.99,0.99
tabular-adult,random,1,0.18,0.16576328394510212,0.0,1.705910991337978,0.99,0.99
tabular-adult,greedy_entropy,2,0.17,0.15956369592733227,0.0,1.688597366059752,0.99,0.99
tabular-adult,random,2,0.17,0.15877944059762245,0.0,1.799240720952587,0.99,0.99
tabular-MiniBooNE,greedy_entropy,0,0.1,0.09418375192209125,0.05,2.145022184881104,1.0,1.0
tabular-MiniBooNE,random,0,0.1,0.0927801981889629,0.02,1.9830305489718836,1.0,1.0
tabular-MiniBooNE,greedy_entropy,1,0.11,0.1025170852554246,0.01,1.8261398613541566,1.0,1.0
tabular-MiniBooNE,random,1,0.11,0.10164103878352984,0.0,1.6212114723115822,1.0,1.0
tabular-MiniBooNE,greedy_entropy,2,0.1,0.09597129677088674,0.1,1.9467050793760978,1.0,1.0
tabular-MiniBooNE,random,2,0.1,0.09479924824876129,0.12,1.8755765826363275,1.0,1.0
