dataset,policy,seed,baseline,mean_test_risk,mean_test_cost,stratum_violation_rate,aggregate_violation_rate,stratum_certified_violation_rate,feasible_rate
csv-diabetes,greedy_entropy,0,budget_0.25,0.09497948346608734,11.0,1.0,0.0,1.0,
csv-diabetes,greedy_entropy,0,budget_0.5,0.09495534636736665,22.0,1.0,0.0,1.0,
csv-diabetes,greedy_entropy,0,budget_0.75,0.0950881004103307,34.0,1.0,0.0,1.0,
csv-diabetes,greedy_entropy,0,fixed_conf_0.9,0.0964397779386918,9.495896693217476,1.0,0.0,1.0,
csv-diabetes,greedy_entropy,0,fixed_conf_0.95,0.09593289886555632,12.178650736181508,1.0,0.0,1.0,
csv-diabetes,greedy_entropy,0,fixed_conf_0.99,0.09595703596427707,13.217547670769967,1.0,0.0,1.0,
csv-diabetes,greedy_entropy,0,full_acquisition,0.09612599565532222,45.0,1.0,0.0,1.0,
csv-diabetes,greedy_entropy,0,mondrian_oracle,0.15024137098720733,8.835988414192613,1.0,0.6,1.0,
csv-diabetes,greedy_entropy,0,oracle_cheapest_valid,0.09916727009413469,6.915471880279988,1.0,0.0,1.0,
csv-diabetes,greedy_entropy,0,oracle_stratum_safe,0.09612599565532222,45.0,1.0,0.0,1.0,0.0
csv-diabetes,greedy_entropy,0,oracle_stratum_safe_mondrian,0.15024137098720733,8.835988414192613,1.0,0.6,1.0,0.0
csv-diabetes,greedy_entropy,0,plugin,0.09916727009413469,6.915471880279988,1.0,0.0,1.0,
csv-diabetes,random,0,budget_0.25,0.16442191648563842,11.0,1.0,1.0,1.0,
csv-diabetes,random,0,budget_0.5,0.13125754284335023,22.0,1.0,0.0,1.0,
csv-diabetes,random,0,budget_0.75,0.10663770214820176,34.0,1.0,0.0,1.0,
csv-diabetes,random,0,fixed_conf_0.9,0.11746319092445086,16.331692010620323,1.0,0.0,1.0,
csv-diabetes,random,0,fixed_conf_0.95,0.10323437122857831,19.841310644460535,1.0,0.0,1.0,
csv-diabetes,random,0,fixed_conf_0.99,0.09767076997344916,24.320009654839478,1.0,0.0,1.0,
csv-diabetes,random,0,full_acquisition,0.09612599565532222,45.0,1.0,0.0,1.0,
csv-diabetes,random,0,mondrian_oracle,0.13212647839729666,10.811984069514846,1.0,0.0,1.0,
csv-diabetes,random,0,oracle_cheapest_valid,0.14825006034274682,10.300470673425055,1.0,0.0,1.0,
csv-diabetes,random,0,oracle_stratum_safe,0.09612599565532222,45.0,1.0,0.0,1.0,0.0
csv-diabetes,random,0,oracle_stratum_safe_mondrian,0.13212647839729666,10.811984069514846,1.0,0.0,1.0,0.0
csv-diabetes,random,0,plugin,0.15023594013999517,9.908098600048271,1.0,0.4,1.0,
csv-diabetes,greedy_entropy,1,budget_0.25,0.10118271783731597,11.0,1.0,0.0,1.0,
csv-diabetes,greedy_entropy,1,budget_0.5,0.10143615737388365,22.0,1.0,0.0,1.0,
csv-diabetes,greedy_entropy,1,budget_0.75,0.09903451605117064,34.0,1.0,0.0,1.0,
csv-diabetes,greedy_entropy,1,fixed_conf_0.9,0.10037412503017133,9.75009654839488,1.0,0.0,1.0,
csv-diabetes,greedy_entropy,1,fixed_conf_0.95,0.0999396572531982,12.307554911899592,1.0,0.0,1.0,
csv-diabetes,greedy_entropy,1,fixed_conf_0.99,0.09939657253198167,14.343326092203716,1.0,0.0,1.0,
csv-diabetes,greedy_entropy,1,full_acquisition,0.09901037895244987,45.0,1.0,0.0,1.0,
csv-diabetes,greedy_entropy,1,mondrian_oracle,0.14966208061790973,9.417089065894281,1.0,0.4,1.0,
csv-diabetes,greedy_entropy,1,oracle_cheapest_valid,0.10038619357953174,7.362297851798212,1.0,0.0,1.0,
csv-diabetes,greedy_entropy,1,oracle_stratum_safe,0.09901037895244987,45.0,1.0,0.0,1.0,0.0
csv-diabetes,greedy_entropy,1,oracle_stratum_safe_mondrian,0.14966208061790973,9.417089065894281,1.0,0.4,1.0,0.0
csv-diabetes,greedy_entropy,1,plugin,0.10038619357953174,7.362297851798212,1.0,0.0,1.0,
csv-diabetes,random,1,budget_0.25,0.1671735457398021,11.0,1.0,1.0,1.0,
csv-diabetes,random,1,budget_0.5,0.1316075307748009,22.0,1.0,0.0,1.0,
csv-diabetes,random,1,budget_0.75,0.10761525464639153,34.0,1.0,0.0,1.0,
csv-diabetes,random,1,fixed_conf_0.9,0.11867004586048757,16.906999758629016,1.0,0.0,1.0,
csv-diabetes,random,1,fixed_conf_0.95,0.10645667390779633,20.390646874245718,1.0,0.0,1.0,
csv-diabetes,random,1,fixed_conf_0.99,0.09992758870383782,27.02801110306542,1.0,0.0,1.0,
csv-diabetes,random,1,full_acquisition,0.09901037895244987,45.0,1.0,0.0,1.0,
csv-diabetes,random,1,mondrian_oracle,0.13204199855177412,11.887641805454983,1.0,0.0,1.0,
csv-diabetes,random,1,oracle_cheapest_valid,0.14600531016171855,10.833960897900074,1.0,0.0,1.0,
csv-diabetes,random,1,oracle_stratum_safe,0.09901037895244987,45.0,1.0,0.0,1.0,0.0
csv-diabetes,random,1,oracle_stratum_safe_mondrian,0.13204199855177412,11.887641805454983,1.0,0.0,1.0,0.0
csv-diabetes,random,1,plugin,0.1467601979242095,10.692524137098722,1.0,0.14,1.0,
csv-diabetes,greedy_entropy,2,budget_0.25,0.0960173787110789,11.0,1.0,0.0,1.0,
csv-diabetes,greedy_entropy,2,budget_0.5,0.09572773352643008,22.0,1.0,0.0,1.0,
csv-diabetes,greedy_entropy,2,budget_0.75,0.09549843108858312,34.0,1.0,0.0,1.0,
csv-diabetes,greedy_entropy,2,fixed_conf_0.9,0.09517258025585328,9.370914796041516,1.0,0.0,1.0,
csv-diabetes,greedy_entropy,2,fixed_conf_0.95,0.09531740284817766,11.577636978035239,1.0,0.0,1.0,
csv-diabetes,greedy_entropy,2,fixed_conf_0.99,0.09532947139753806,13.241202027516286,1.0,0.0,1.0,
csv-diabetes,greedy_entropy,2,full_acquisition,0.0954380883417813,45.0,1.0,0.0,1.0,
csv-diabetes,greedy_entropy,2,mondrian_oracle,0.15024137098720733,8.879435191889934,1.0,0.4,1.0,
csv-diabetes,greedy_entropy,2,oracle_cheapest_valid,0.09783972966449431,6.915218440743421,1.0,0.0,1.0,
csv-diabetes,greedy_entropy,2,oracle_stratum_safe,0.0954380883417813,45.0,1.0,0.0,1.0,0.0
csv-diabetes,greedy_entropy,2,oracle_stratum_safe_mondrian,0.15024137098720733,8.879435191889934,1.0,0.4,1.0,0.0
csv-diabetes,greedy_entropy,2,plugin,0.09783972966449431,6.915218440743421,1.0,0.0,1.0,
csv-diabetes,random,2,budget_0.25,0.16269611392710595,11.0,1.0,1.0,1.0,
csv-diabetes,random,2,budget_0.5,0.13246439777938693,22.0,1.0,0.0,1.0,
csv-diabetes,random,2,budget_0.75,0.10748250060342744,34.0,1.0,0.0,1.0,
csv-diabetes,random,2,fixed_conf_0.9,0.11046343229543808,17.245389814144342,1.0,0.0,1.0,
csv-diabetes,random,2,fixed_conf_0.95,0.09965001206854936,20.74888969345885,1.0,0.0,1.0,
csv-diabetes,random,2,fixed_conf_0.99,0.0959932416123582,26.009244508810035,1.0,0.0,1.0,
csv-diabetes,random,2,full_acquisition,0.0954380883417813,45.0,1.0,0.0,1.0,
csv-diabetes,random,2,mondrian_oracle,0.13205708423847454,11.208490224475016,1.0,0.0,1.0,
csv-diabetes,random,2,oracle_cheapest_valid,0.14592083031619596,10.233671252715427,1.0,0.0,1.0,
csv-diabetes,random,2,oracle_stratum_safe,0.0954380883417813,45.0,1.0,0.0,1.0,0.0
csv-diabetes,random,2,oracle_stratum_safe_mondrian,0.1347815592565774,10.79114168476949,1.0,0.0,1.0,0.0
csv-diabetes,random,2,plugin,0.14967595944967413,9.525400675838766,1.0,0.38,1.0,
csv-physionet,greedy_entropy,0,budget_0.25,0.14111111111111113,10.0,1.0,0.0,0.8,
csv-physionet,greedy_entropy,0,budget_0.5,0.13601851851851848,20.0,1.0,0.0,0.4,
csv-physionet,greedy_entropy,0,budget_0.75,0.12814814814814818,31.0,0.6,0.0,0.0,
csv-physionet,greedy_entropy,0,fixed_conf_0.9,0.13185185185185186,7.622407407407406,0.8,0.0,0.0,
csv-physionet,greedy_entropy,0,fixed_conf_0.95,0.12777777777777782,14.584351851851855,0.6,0.0,0.0,
csv-physionet,greedy_entropy,0,fixed_conf_0.99,0.12685185185185188,27.37657407407407,0.6,0.0,0.0,
csv-physionet,greedy_entropy,0,full_acquisition,0.1272222222222222,41.0,0.6,0.0,0.0,
csv-physionet,greedy_entropy,0,mondrian_oracle,0.1295555555555555,16.888212962962964,0.6,0.0,0.0,
csv-physionet,greedy_entropy,0,oracle_cheapest_valid,0.14305555555555557,0.0,1.0,0.0,0.8,
csv-physionet,greedy_entropy,0,oracle_stratum_safe,0.12916666666666668,27.637870370370376,0.6,0.0,0.0,0.4
csv-physionet,greedy_entropy,0,oracle_stratum_safe_mondrian,0.1310185185185185,12.904074074074071,0.6,0.0,0.0,0.4
csv-physionet,greedy_entropy,0,plugin,0.14305555555555557,0.0,1.0,0.0,0.8,
csv-physionet,random,0,budget_0.25,0.14361111111111116,10.0,0.6,0.0,0.0,
csv-physionet,random,0,budget_0.5,0.1383333333333333,20.0,0.6,0.0,0.0,
csv-physionet,random,0,budget_0.75,0.13638888888888892,31.0,0.6,0.0,0.0,
csv-physionet,random,0,fixed_conf_0.9,0.1330555555555555,12.146666666666672,0.0,0.0,0.0,
csv-physionet,random,0,fixed_conf_0.95,0.12861111111111106,24.434537037037032,0.0,0.0,0.0,
csv-physionet,random,0,fixed_conf_0.99,0.1272222222222222,36.328518518518514,0.0,0.0,0.0,
csv-physionet,random,0,full_acquisition,0.1272222222222222,41.0,0.0,0.0,0.0,
csv-physionet,random,0,mondrian_oracle,0.13304166666666667,16.064185185185185,0.06,0.0,0.0,
csv-physionet,random,0,oracle_cheapest_valid,0.14305555555555557,0.0,0.6,0.0,0.0,
csv-physionet,random,0,oracle_stratum_safe,0.13898148148148146,5.512407407407408,0.0,0.0,0.0,1.0
csv-physionet,random,0,oracle_stratum_safe_mondrian,0.13907407407407404,4.648333333333334,0.0,0.0,0.0,1.0
csv-physionet,random,0,plugin,0.14305555555555557,0.0,0.6,0.0,0.0,
csv-physionet,greedy_entropy,1,budget_0.25,0.13546296296296295,10.0,0.0,0.0,0.0,
csv-physionet,greedy_entropy,1,budget_0.5,0.13499999999999995,20.0,0.0,0.0,0.0,
csv-physionet,greedy_entropy,1,budget_0.75,0.12990740740740742,31.0,0.0,0.0,0.0,
csv-physionet,greedy_entropy,1,fixed_conf_0.9,0.13675925925925922,7.526203703703703,0.0,0.0,0.0,
csv-physionet,greedy_entropy,1,fixed_conf_0.95,0.13481481481481483,14.85,0.2,0.0,0.0,
csv-physionet,greedy_entropy,1,fixed_conf_0.99,0.1328703703703704,30.745555555555555,0.0,0.0,0.0,
csv-physionet,greedy_entropy,1,full_acquisition,0.13324074074074077,41.0,0.0,0.0,0.0,
csv-physionet,greedy_entropy,1,mondrian_oracle,0.13483796296296294,16.403287037037035,0.02,0.0,0.0,
csv-physionet,greedy_entropy,1,oracle_cheapest_valid,0.14277777777777773,0.0,0.4,0.0,0.0,
csv-physionet,greedy_entropy,1,oracle_stratum_safe,0.13879629629629625,2.4025,0.0,0.0,0.0,1.0
csv-physionet,greedy_entropy,1,oracle_stratum_safe_mondrian,0.13879629629629625,2.200740740740741,0.0,0.0,0.0,1.0
csv-physionet,greedy_entropy,1,plugin,0.14277777777777773,0.0,0.4,0.0,0.0,
csv-physionet,random,1,budget_0.25,0.14092592592592593,10.0,0.0,0.0,0.0,
csv-physionet,random,1,budget_0.5,0.13703703703703707,20.0,0.0,0.0,0.0,
csv-physionet,random,1,budget_0.75,0.13750000000000004,31.0,0.0,0.0,0.0,
csv-physionet,random,1,fixed_conf_0.9,0.13509259259259263,13.475277777777784,0.0,0.0,0.0,
csv-physionet,random,1,fixed_conf_0.95,0.13259259259259262,27.27083333333334,0.0,0.0,0.0,
csv-physionet,random,1,fixed_conf_0.99,0.13324074074074077,38.35259259259259,0.0,0.0,0.0,
csv-physionet,random,1,full_acquisition,0.13324074074074077,41.0,0.0,0.0,0.0,
csv-physionet,random,1,mondrian_oracle,0.13823148148148146,7.137208333333333,0.0,0.0,0.0,
csv-physionet,random,1,oracle_cheapest_valid,0.14277777777777773,0.0,0.0,0.0,0.0,
csv-physionet,random,1,oracle_stratum_safe,0.14277777777777773,0.0,0.0,0.0,0.0,1.0
csv-physionet,random,1,oracle_stratum_safe_mondrian,0.14277777777777773,0.0,0.0,0.0,0.0,1.0
csv-physionet,random,1,plugin,0.14277777777777773,0.0,0.0,0.0,0.0,
csv-physionet,greedy_entropy,2,budget_0.25,0.13694444444444442,10.0,0.0,0.0,0.0,
csv-physionet,greedy_entropy,2,budget_0.5,0.13712962962962963,20.0,0.0,0.0,0.0,
csv-physionet,greedy_entropy,2,budget_0.75,0.13203703703703704,31.0,0.0,0.0,0.0,
csv-physionet,greedy_entropy,2,fixed_conf_0.9,0.13175925925925924,5.528240740740738,0.0,0.0,0.0,
csv-physionet,greedy_entropy,2,fixed_conf_0.95,0.12601851851851847,13.676574074074074,0.0,0.0,0.0,
csv-physionet,greedy_entropy,2,fixed_conf_0.99,0.1264814814814815,27.27472222222221,0.0,0.0,0.0,
csv-physionet,greedy_entropy,2,full_acquisition,0.12694444444444442,41.0,0.0,0.0,0.0,
csv-physionet,greedy_entropy,2,mondrian_oracle,0.13563425925925926,4.060291666666666,0.0,0.0,0.0,
csv-physionet,greedy_entropy,2,oracle_cheapest_valid,0.1391666666666667,0.0,0.0,0.0,0.0,
csv-physionet,greedy_entropy,2,oracle_stratum_safe,0.1391666666666667,0.0,0.0,0.0,0.0,1.0
csv-physionet,greedy_entropy,2,oracle_stratum_safe_mondrian,0.1391666666666667,0.0,0.0,0.0,0.0,1.0
csv-physionet,greedy_entropy,2,plugin,0.1391666666666667,0.0,0.0,0.0,0.0,
csv-physionet,random,2,budget_0.25,0.1366666666666667,10.0,0.0,0.0,0.0,
csv-physionet,random,2,budget_0.5,0.1372222222222222,20.0,0.0,0.0,0.0,
csv-physionet,random,2,budget_0.75,0.12833333333333333,31.0,0.0,0.0,0.0,
csv-physionet,random,2,fixed_conf_0.9,0.12805555555555562,12.314907407407409,0.0,0.0,0.0,
csv-physionet,random,2,fixed_conf_0.95,0.12731481481481488,24.64324074074074,0.0,0.0,0.0,
csv-physionet,random,2,fixed_conf_0.99,0.12703703703703703,36.570092592592594,0.0,0.0,0.0,
csv-physionet,random,2,full_acquisition,0.12694444444444442,41.0,0.0,0.0,0.0,
csv-physionet,random,2,mondrian_oracle,0.1385,0.7076851851851852,0.0,0.0,0.0,
csv-physionet,random,2,oracle_cheapest_valid,0.1391666666666667,0.0,0.0,0.0,0.0,
csv-physionet,random,2,oracle_stratum_safe,0.1391666666666667,0.0,0.0,0.0,0.0,1.0
csv-physionet,random,2,oracle_stratum_safe_mondrian,0.1391666666666667,0.0,0.0,0.0,0.0,1.0
csv-physionet,random,2,plugin,0.1391666666666667,0.0,0.0,0.0,0.0,
cube,greedy_entropy,0,budget_0.25,0.1333888888888889,5.0,1.0,0.0,1.0,
cube,greedy_entropy,0,budget_0.5,0.06877777777777778,10.0,1.0,0.0,1.0,
cube,greedy_entropy,0,budget_0.75,0.059111111111111087,15.0,1.0,0.0,1.0,
cube,greedy_entropy,0,fixed_conf_0.9,0.08505555555555556,6.5890555555555546,1.0,0.0,1.0,
cube,greedy_entropy,0,fixed_conf_0.95,0.0627777777777778,8.354222222222221,1.0,0.0,1.0,
cube,greedy_entropy,0,fixed_conf_0.99,0.047722222222222214,11.685222222222219,1.0,0.0,0.8,
cube,greedy_entropy,0,full_acquisition,0.04633333333333332,20.0,1.0,0.0,0.8,
cube,greedy_entropy,0,mondrian_oracle,0.11694722222222223,6.963669444444443,1.0,0.0,0.8,
cube,greedy_entropy,0,oracle_cheapest_valid,0.1487222222222222,3.7334444444444443,1.0,0.0,1.0,
cube,greedy_entropy,0,oracle_stratum_safe,0.04633333333333332,20.0,1.0,0.0,0.8,0.0
cube,greedy_entropy,0,oracle_stratum_safe_mondrian,0.15338888888888885,6.403388888888889,1.0,1.0,0.8,0.0
cube,greedy_entropy,0,plugin,0.14836666666666665,3.748799999999999,1.0,0.31,1.0,
cube,random,0,budget_0.25,0.5309444444444444,5.0,1.0,1.0,1.0,
cube,random,0,budget_0.5,0.2744999999999999,10.0,1.0,1.0,1.0,
cube,random,0,budget_0.75,0.11866666666666667,15.0,1.0,0.0,1.0,
cube,random,0,fixed_conf_0.9,0.07566666666666663,12.82033333333333,0.8,0.0,0.0,
cube,random,0,fixed_conf_0.95,0.058333333333333355,14.19466666666667,0.4,0.0,0.0,
cube,random,0,fixed_conf_0.99,0.04722222222222221,16.119555555555557,0.4,0.0,0.0,
cube,random,0,full_acquisition,0.04633333333333332,20.0,0.4,0.0,0.0,
cube,random,0,mondrian_oracle,0.12038333333333334,10.978358333333333,0.45,0.0,0.0,
cube,random,0,oracle_cheapest_valid,0.14733333333333332,9.6025,1.0,0.0,1.0,
cube,random,0,oracle_stratum_safe,0.06377777777777777,15.740055555555555,0.4,0.0,0.0,0.6
cube,random,0,oracle_stratum_safe_mondrian,0.1467777777777778,10.338388888888888,0.4,0.0,0.0,0.6
cube,random,0,plugin,0.1512888888888889,9.470216666666666,1.0,0.57,1.0,
cube,greedy_entropy,1,budget_0.25,0.14827777777777776,5.0,1.0,0.4,1.0,
cube,greedy_entropy,1,budget_0.5,0.06316666666666665,10.0,1.0,0.0,0.8,
cube,greedy_entropy,1,budget_0.75,0.05849999999999999,15.0,1.0,0.0,0.8,
cube,greedy_entropy,1,fixed_conf_0.9,0.0883333333333333,6.701166666666668,0.8,0.0,0.2,
cube,greedy_entropy,1,fixed_conf_0.95,0.06466666666666666,8.54,0.8,0.0,0.0,
cube,greedy_entropy,1,fixed_conf_0.99,0.04727777777777778,11.873222222222225,0.8,0.0,0.0,
cube,greedy_entropy,1,full_acquisition,0.04488888888888889,20.0,0.8,0.0,0.0,
cube,greedy_entropy,1,mondrian_oracle,0.11713055555555556,6.876308333333334,0.8,0.0,0.0,
cube,greedy_entropy,1,oracle_cheapest_valid,0.14816666666666667,3.990166666666667,1.0,0.0,1.0,
cube,greedy_entropy,1,oracle_stratum_safe,0.05355555555555555,17.344,0.8,0.0,0.0,0.2
cube,greedy_entropy,1,oracle_stratum_safe_mondrian,0.14622222222222225,6.377444444444446,0.8,0.0,0.0,0.2
cube,greedy_entropy,1,plugin,0.14151388888888886,4.258036111111109,1.0,0.2,1.0,
cube,random,1,budget_0.25,0.5262777777777776,5.0,1.0,1.0,1.0,
cube,random,1,budget_0.5,0.2731111111111112,10.0,1.0,1.0,1.0,
cube,random,1,budget_0.75,0.1192222222222222,15.0,1.0,0.0,1.0,
cube,random,1,fixed_conf_0.9,0.07411111111111111,12.87844444444445,0.0,0.0,0.0,
cube,random,1,fixed_conf_0.95,0.05583333333333333,14.233833333333337,0.0,0.0,0.0,
cube,random,1,fixed_conf_0.99,0.04488888888888889,16.191999999999997,0.0,0.0,0.0,
cube,random,1,full_acquisition,0.04488888888888889,20.0,0.0,0.0,0.0,
cube,random,1,mondrian_oracle,0.11974166666666669,11.00908611111111,0.09,0.0,0.0,
cube,random,1,oracle_cheapest_valid,0.14683333333333334,9.564999999999996,1.0,0.0,1.0,
cube,random,1,oracle_stratum_safe,0.08127777777777777,12.462055555555555,0.0,0.0,0.0,1.0
cube,random,1,oracle_stratum_safe_mondrian,0.1451666666666667,10.307055555555557,0.0,0.0,0.0,1.0
cube,random,1,plugin,0.15415833333333334,9.397413888888888,1.0,0.7,1.0,
cube,greedy_entropy,2,budget_0.25,0.13594444444444437,5.0,1.0,0.0,1.0,
cube,greedy_entropy,2,budget_0.5,0.06655555555555555,10.0,1.0,0.0,1.0,
cube,greedy_entropy,2,budget_0.75,0.060833333333333336,15.0,1.0,0.0,1.0,
cube,greedy_entropy,2,fixed_conf_0.9,0.0855,6.711222222222222,1.0,0.0,0.8,
cube,greedy_entropy,2,fixed_conf_0.95,0.06272222222222223,8.518777777777776,1.0,0.0,0.2,
cube,greedy_entropy,2,fixed_conf_0.99,0.0468888888888889,11.933222222222225,1.0,0.0,0.2,
cube,greedy_entropy,2,full_acquisition,0.04605555555555556,20.0,1.0,0.0,0.2,
cube,greedy_entropy,2,mondrian_oracle,0.12086388888888887,6.6424666666666665,1.0,0.0,0.2,
cube,greedy_entropy,2,oracle_cheapest_valid,0.1481111111111111,3.9210555555555557,1.0,0.0,1.0,
cube,greedy_entropy,2,oracle_stratum_safe,0.04605555555555556,20.0,1.0,0.0,0.2,0.0
cube,greedy_entropy,2,oracle_stratum_safe_mondrian,0.14994444444444446,6.446222222222222,1.0,0.4,0.2,0.0
cube,greedy_entropy,2,plugin,0.14071944444444445,4.117508333333333,1.0,0.1,1.0,
cube,random,2,budget_0.25,0.5206666666666666,5.0,1.0,1.0,1.0,
cube,random,2,budget_0.5,0.26011111111111107,10.0,1.0,1.0,1.0,
cube,random,2,budget_0.75,0.11872222222222222,15.0,1.0,0.0,1.0,
cube,random,2,fixed_conf_0.9,0.0706111111111111,12.744666666666669,0.0,0.0,0.0,
cube,random,2,fixed_conf_0.95,0.05544444444444444,14.096388888888889,0.0,0.0,0.0,
cube,random,2,fixed_conf_0.99,0.04661111111111112,16.03166666666666,0.0,0.0,0.0,
cube,random,2,full_acquisition,0.04605555555555556,20.0,0.0,0.0,0.0,
cube,random,2,mondrian_oracle,0.1077527777777778,11.092925000000001,0.02,0.0,0.0,
cube,random,2,oracle_cheapest_valid,0.1478888888888889,9.330722222222223,1.0,0.0,1.0,
cube,random,2,oracle_stratum_safe,0.07505555555555557,12.424666666666669,0.0,0.0,0.0,1.0
cube,random,2,oracle_stratum_safe_mondrian,0.1456666666666667,10.105944444444441,0.0,0.0,0.0,1.0
cube,random,2,plugin,0.1401277777777778,9.550952777777777,1.0,0.1,1.0,
fashionmnist,greedy_entropy,0,budget_0.25,0.11707936507936509,12.0,1.0,0.0,1.0,
fashionmnist,greedy_entropy,0,budget_0.5,0.07942857142857143,24.0,1.0,0.0,1.0,
fashionmnist,greedy_entropy,0,budget_0.75,0.06493650793650792,37.0,1.0,0.0,1.0,
fashionmnist,greedy_entropy,0,fixed_conf_0.9,0.09107936507936511,9.030603174603176,1.0,0.0,1.0,
fashionmnist,greedy_entropy,0,fixed_conf_0.95,0.07326984126984128,12.621126984126986,1.0,0.0,1.0,
fashionmnist,greedy_entropy,0,fixed_conf_0.99,0.05988888888888889,20.978936507936506,1.0,0.0,0.8,
fashionmnist,greedy_entropy,0,full_acquisition,0.05766666666666666,49.0,1.0,0.0,0.8,
fashionmnist,greedy_entropy,0,mondrian_oracle,0.11708968253968255,13.139411111111112,1.0,0.0,0.8,
fashionmnist,greedy_entropy,0,oracle_cheapest_valid,0.1482857142857143,4.792809523809524,1.0,0.0,1.0,
fashionmnist,greedy_entropy,0,oracle_stratum_safe,0.05766666666666666,49.0,1.0,0.0,0.8,0.0
fashionmnist,greedy_entropy,0,oracle_stratum_safe_mondrian,0.15001587301587302,12.637428571428568,1.0,0.4,0.8,0.0
fashionmnist,greedy_entropy,0,plugin,0.14393253968253966,5.003121428571429,1.0,0.04,1.0,
fashionmnist,random,0,budget_0.25,0.14057142857142854,12.0,1.0,0.0,1.0,
fashionmnist,random,0,budget_0.5,0.09023809523809521,24.0,1.0,0.0,1.0,
fashionmnist,random,0,budget_0.75,0.06890476190476189,37.0,1.0,0.0,1.0,
fashionmnist,random,0,fixed_conf_0.9,0.08853968253968258,12.344761904761903,1.0,0.0,1.0,
fashionmnist,random,0,fixed_conf_0.95,0.07074603174603178,15.923444444444442,1.0,0.0,1.0,
fashionmnist,random,0,fixed_conf_0.99,0.05885714285714285,23.109952380952382,1.0,0.0,1.0,
fashionmnist,random,0,full_acquisition,0.05766666666666666,49.0,1.0,0.0,1.0,
fashionmnist,random,0,mondrian_oracle,0.13496428571428573,14.035963492063491,1.0,0.0,1.0,
fashionmnist,random,0,oracle_cheapest_valid,0.14742857142857144,7.451968253968255,1.0,0.0,1.0,
fashionmnist,random,0,oracle_stratum_safe,0.05766666666666666,49.0,1.0,0.0,1.0,0.0
fashionmnist,random,0,oracle_stratum_safe_mondrian,0.1537936507936508,13.700555555555555,1.0,1.0,1.0,0.0
fashionmnist,random,0,plugin,0.14706746031746032,7.46884761904762,1.0,0.25,1.0,
fashionmnist,greedy_entropy,1,budget_0.25,0.11655555555555555,12.0,1.0,0.0,1.0,
fashionmnist,greedy_entropy,1,budget_0.5,0.08395238095238092,24.0,1.0,0.0,1.0,
fashionmnist,greedy_entropy,1,budget_0.75,0.06755555555555556,37.0,1.0,0.0,1.0,
fashionmnist,greedy_entropy,1,fixed_conf_0.9,0.09633333333333333,9.135079365079363,1.0,0.0,1.0,
fashionmnist,greedy_entropy,1,fixed_conf_0.95,0.07768253968253967,12.63031746031746,1.0,0.0,1.0,
fashionmnist,greedy_entropy,1,fixed_conf_0.99,0.0621111111111111,21.00236507936508,1.0,0.0,1.0,
fashionmnist,greedy_entropy,1,full_acquisition,0.05946031746031748,49.0,1.0,0.0,1.0,
fashionmnist,greedy_entropy,1,mondrian_oracle,0.1334857142857143,12.888458730158732,1.0,0.0,1.0,
fashionmnist,greedy_entropy,1,oracle_cheapest_valid,0.14723809523809522,5.363714285714284,1.0,0.0,1.0,
fashionmnist,greedy_entropy,1,oracle_stratum_safe,0.05946031746031748,49.0,1.0,0.0,1.0,0.0
fashionmnist,greedy_entropy,1,oracle_stratum_safe_mondrian,0.15061904761904762,12.658349206349207,1.0,0.8,1.0,0.0
fashionmnist,greedy_entropy,1,plugin,0.14765873015873013,5.355930158730158,1.0,0.37,1.0,
fashionmnist,random,1,budget_0.25,0.139936507936508,12.0,1.0,0.0,1.0,
fashionmnist,random,1,budget_0.5,0.08831746031746034,24.0,1.0,0.0,1.0,
fashionmnist,random,1,budget_0.75,0.07115873015873014,37.0,1.0,0.0,1.0,
fashionmnist,random,1,fixed_conf_0.9,0.09,12.14704761904762,1.0,0.0,1.0,
fashionmnist,random,1,fixed_conf_0.95,0.07163492063492065,15.822158730158735,1.0,0.0,1.0,
fashionmnist,random,1,fixed_conf_0.99,0.06122222222222223,22.970952380952394,1.0,0.0,1.0,
fashionmnist,random,1,full_acquisition,0.05946031746031748,49.0,1.0,0.0,1.0,
fashionmnist,random,1,mondrian_oracle,0.13535079365079364,13.825211904761908,1.0,0.0,1.0,
fashionmnist,random,1,oracle_cheapest_valid,0.14663492063492067,7.213999999999999,1.0,0.0,1.0,
fashionmnist,random,1,oracle_stratum_safe,0.05946031746031748,49.0,1.0,0.0,1.0,0.0
fashionmnist,random,1,oracle_stratum_safe_mondrian,0.15542857142857142,13.490507936507935,1.0,1.0,1.0,0.0
fashionmnist,random,1,plugin,0.1476579365079365,7.172753968253969,1.0,0.3,1.0,
fashionmnist,greedy_entropy,2,budget_0.25,0.1201904761904762,12.0,1.0,0.0,1.0,
fashionmnist,greedy_entropy,2,budget_0.5,0.087,24.0,1.0,0.0,1.0,
fashionmnist,greedy_entropy,2,budget_0.75,0.06852380952380954,37.0,1.0,0.0,1.0,
fashionmnist,greedy_entropy,2,fixed_conf_0.9,0.09725396825396825,9.25825396825397,1.0,0.0,1.0,
fashionmnist,greedy_entropy,2,fixed_conf_0.95,0.07771428571428571,12.974444444444444,1.0,0.0,1.0,
fashionmnist,greedy_entropy,2,fixed_conf_0.99,0.060825396825396824,21.6488888888889,1.0,0.0,1.0,
fashionmnist,greedy_entropy,2,full_acquisition,0.05776190476190475,49.0,1.0,0.0,1.0,
fashionmnist,greedy_entropy,2,mondrian_oracle,0.1324595238095238,12.641029365079364,1.0,0.0,1.0,
fashionmnist,greedy_entropy,2,oracle_cheapest_valid,0.14820634920634915,5.197015873015873,1.0,0.0,1.0,
fashionmnist,greedy_entropy,2,oracle_stratum_safe,0.05776190476190475,49.0,1.0,0.0,1.0,0.0
fashionmnist,greedy_entropy,2,oracle_stratum_safe_mondrian,0.14187301587301587,12.332571428571427,1.0,0.0,1.0,0.0
fashionmnist,greedy_entropy,2,plugin,0.1467888888888889,5.2567119047619055,1.0,0.4,1.0,
fashionmnist,random,2,budget_0.25,0.1374285714285714,12.0,1.0,0.0,1.0,
fashionmnist,random,2,budget_0.5,0.09050793650793647,24.0,1.0,0.0,1.0,
fashionmnist,random,2,budget_0.75,0.0675238095238095,37.0,1.0,0.0,1.0,
fashionmnist,random,2,fixed_conf_0.9,0.08552380952380954,12.716523809523814,1.0,0.0,1.0,
fashionmnist,random,2,fixed_conf_0.95,0.06966666666666668,16.239968253968254,1.0,0.0,1.0,
fashionmnist,random,2,fixed_conf_0.99,0.05934920634920635,23.170873015873013,1.0,0.0,1.0,
fashionmnist,random,2,full_acquisition,0.05776190476190475,49.0,1.0,0.0,1.0,
fashionmnist,random,2,mondrian_oracle,0.13492857142857143,13.727880158730159,1.0,0.0,1.0,
fashionmnist,random,2,oracle_cheapest_valid,0.14730158730158732,7.3184603174603176,1.0,0.0,1.0,
fashionmnist,random,2,oracle_stratum_safe,0.05776190476190475,49.0,1.0,0.0,1.0,0.0
fashionmnist,random,2,oracle_stratum_safe_mondrian,0.15590476190476188,13.347301587301589,1.0,1.0,1.0,0.0
fashionmnist,random,2,plugin,0.1459936507936508,7.405892063492063,1.0,0.21,1.0,
image-imagenette,greedy_entropy,0,budget_0.25,0.10443799253421819,12.0,1.0,0.8,1.0,
image-imagenette,greedy_entropy,0,budget_0.5,0.06204894234757361,24.0,1.0,0.0,1.0,
image-imagenette,greedy_entropy,0,budget_0.75,0.04106180008295314,37.0,1.0,0.0,0.8,
image-imagenette,greedy_entropy,0,fixed_conf_0.9,0.08676897552882618,7.764744919120699,1.0,0.0,1.0,
image-imagenette,greedy_entropy,0,fixed_conf_0.95,0.0599751140605558,10.096557445043553,1.0,0.0,0.4,
image-imagenette,greedy_entropy,0,fixed_conf_0.99,0.03550394027374534,15.312401493156367,0.2,0.0,0.0,
image-imagenette,greedy_entropy,0,full_acquisition,0.029697221070095398,49.0,0.2,0.0,0.0,
image-imagenette,greedy_entropy,0,mondrian_oracle,0.06026545002073828,14.061729572791371,0.2,0.0,0.0,
image-imagenette,greedy_entropy,0,oracle_cheapest_valid,0.09755288262131899,7.0569888013272495,1.0,0.0,1.0,
image-imagenette,greedy_entropy,0,oracle_stratum_safe,0.03890501866445459,20.452758191621733,0.2,0.0,0.0,0.8
image-imagenette,greedy_entropy,0,oracle_stratum_safe_mondrian,0.09697221070095395,9.719037743674821,0.2,0.0,0.0,0.8
image-imagenette,greedy_entropy,0,plugin,0.09946080464537534,6.99363749481543,1.0,0.49,1.0,
image-imagenette,random,0,budget_0.25,0.10966403981750314,12.0,1.0,0.8,1.0,
image-imagenette,random,0,budget_0.5,0.05466611364579012,24.0,1.0,0.0,1.0,
image-imagenette,random,0,budget_0.75,0.03417669017005392,37.0,1.0,0.0,0.0,
image-imagenette,random,0,fixed_conf_0.9,0.07747822480298633,8.153629199502282,1.0,0.0,1.0,
image-imagenette,random,0,fixed_conf_0.95,0.052675238490253004,10.444960597262545,1.0,0.0,0.0,
image-imagenette,random,0,fixed_conf_0.99,0.035172127747822475,15.632849440066366,0.8,0.0,0.0,
image-imagenette,random,0,full_acquisition,0.029697221070095398,49.0,0.6,0.0,0.0,
image-imagenette,random,0,mondrian_oracle,0.06893819991704689,13.161688096225632,0.61,0.0,0.0,
image-imagenette,random,0,oracle_cheapest_valid,0.09904603898797182,6.528909166321028,1.0,0.0,1.0,
image-imagenette,random,0,oracle_stratum_safe,0.03600165906262962,34.30203235172128,0.6,0.0,0.0,0.4
image-imagenette,random,0,oracle_stratum_safe_mondrian,0.09805060141020323,10.826710908336786,0.6,0.0,0.0,0.4
image-imagenette,random,0,plugin,0.09814599751140603,6.612368311903773,1.0,0.33,1.0,
image-imagenette,greedy_entropy,1,budget_0.25,0.11936955620074657,12.0,1.0,1.0,1.0,
image-imagenette,greedy_entropy,1,budget_0.5,0.05848195769390296,24.0,1.0,0.0,1.0,
image-imagenette,greedy_entropy,1,budget_0.75,0.037411862297801746,37.0,1.0,0.0,0.0,
image-imagenette,greedy_entropy,1,fixed_conf_0.9,0.0792202405640813,9.047615097469931,0.8,0.0,0.2,
image-imagenette,greedy_entropy,1,fixed_conf_0.95,0.0543343011198673,11.109664039817506,0.2,0.0,0.0,
image-imagenette,greedy_entropy,1,fixed_conf_0.99,0.03691414350891746,16.456159270012446,0.0,0.0,0.0,
image-imagenette,greedy_entropy,1,full_acquisition,0.032351721277478214,49.0,0.0,0.0,0.0,
image-imagenette,greedy_entropy,1,mondrian_oracle,0.0677685607631688,14.927818332642062,0.07,0.0,0.0,
image-imagenette,greedy_entropy,1,oracle_cheapest_valid,0.09705516383243463,7.821899626710911,1.0,0.0,1.0,
image-imagenette,greedy_entropy,1,oracle_stratum_safe,0.06271256739941934,10.53040232268768,0.0,0.0,0.0,1.0
image-imagenette,greedy_entropy,1,oracle_stratum_safe_mondrian,0.09738697635835748,8.97270841974285,0.0,0.0,0.0,1.0
image-imagenette,greedy_entropy,1,plugin,0.09833264205723764,7.80972210700954,1.0,0.45,0.96,
image-imagenette,random,1,budget_0.25,0.10626296142679387,12.0,1.0,0.8,1.0,
image-imagenette,random,1,budget_0.5,0.058233098299460814,24.0,1.0,0.0,1.0,
image-imagenette,random,1,budget_0.75,0.03907092492741602,37.0,0.4,0.0,0.2,
image-imagenette,random,1,fixed_conf_0.9,0.08361675653255914,8.128162588137702,1.0,0.0,0.2,
image-imagenette,random,1,fixed_conf_0.95,0.05466611364579011,10.459477395271671,0.4,0.0,0.0,
image-imagenette,random,1,fixed_conf_0.99,0.03500622148486106,15.617917876399833,0.0,0.0,0.0,
image-imagenette,random,1,full_acquisition,0.032351721277478214,49.0,0.0,0.0,0.0,
image-imagenette,random,1,mondrian_oracle,0.06540854417254251,13.888606387391127,0.11,0.0,0.0,
image-imagenette,random,1,oracle_cheapest_valid,0.09763583575279966,7.178100373289092,1.0,0.0,1.0,
image-imagenette,random,1,oracle_stratum_safe,0.05416839485690586,10.598009124844461,0.0,0.0,0.0,1.0
image-imagenette,random,1,oracle_stratum_safe_mondrian,0.09738697635835752,8.54997926171713,0.0,0.0,0.0,1.0
image-imagenette,random,1,plugin,0.10103691414350895,6.993902944836168,1.0,0.51,1.0,
image-imagenette,greedy_entropy,2,budget_0.25,0.11530485275819163,12.0,1.0,1.0,1.0,
image-imagenette,greedy_entropy,2,budget_0.5,0.05914558274574864,24.0,1.0,0.0,1.0,
image-imagenette,greedy_entropy,2,budget_0.75,0.0346744089589382,37.0,1.0,0.0,0.0,
image-imagenette,greedy_entropy,2,fixed_conf_0.9,0.07581916217337203,9.166735794276235,1.0,0.0,0.8,
image-imagenette,greedy_entropy,2,fixed_conf_0.95,0.052592285358772306,11.47200331812526,0.4,0.0,0.0,
image-imagenette,greedy_entropy,2,fixed_conf_0.99,0.032849440066362506,16.565574450435506,0.2,0.0,0.0,
image-imagenette,greedy_entropy,2,full_acquisition,0.027706345914558277,49.0,0.4,0.0,0.0,
image-imagenette,greedy_entropy,2,mondrian_oracle,0.06535047698050601,14.10638324346744,0.39,0.0,0.0,
image-imagenette,greedy_entropy,2,oracle_cheapest_valid,0.0982994608046454,7.847532144338447,1.0,0.0,1.0,
image-imagenette,greedy_entropy,2,oracle_stratum_safe,0.046370800497718793,19.10111986727499,0.2,0.0,0.0,0.8
image-imagenette,greedy_entropy,2,oracle_stratum_safe_mondrian,0.09863127333056823,9.98672749896309,0.2,0.2,0.0,0.8
image-imagenette,greedy_entropy,2,plugin,0.09929489838241393,7.870008295313147,1.0,0.5,1.0,
image-imagenette,random,2,budget_0.25,0.10219825798423891,12.0,1.0,0.8,1.0,
image-imagenette,random,2,budget_0.5,0.05275819162173374,24.0,1.0,0.0,1.0,
image-imagenette,random,2,budget_0.75,0.03575279966818748,37.0,0.8,0.0,0.0,
image-imagenette,random,2,fixed_conf_0.9,0.0719203649937785,8.081045209456656,1.0,0.0,0.8,
image-imagenette,random,2,fixed_conf_0.95,0.0519286603069266,10.27764413106595,0.6,0.0,0.0,
image-imagenette,random,2,fixed_conf_0.99,0.03069265864786397,15.451596847781001,0.0,0.0,0.0,
image-imagenette,random,2,full_acquisition,0.027706345914558277,49.0,0.0,0.0,0.0,
image-imagenette,random,2,mondrian_oracle,0.06492326835338035,13.729299046038989,0.05,0.0,0.0,
image-imagenette,random,2,oracle_cheapest_valid,0.09796764827872252,6.385400248859396,1.0,0.0,1.0,
image-imagenette,random,2,oracle_stratum_safe,0.04786395686437164,11.075321443384487,0.0,0.0,0.0,1.0
image-imagenette,random,2,oracle_stratum_safe_mondrian,0.09730402322687677,8.520033181252595,0.0,0.0,0.0,1.0
image-imagenette,random,2,plugin,0.09995852343425966,6.322803815844047,1.0,0.58,1.0,
mnist,greedy_entropy,0,budget_0.25,0.02703174603174603,12.0,0.0,0.0,0.0,
mnist,greedy_entropy,0,budget_0.5,0.015650793650793648,24.0,0.0,0.0,0.0,
mnist,greedy_entropy,0,budget_0.75,0.010238095238095237,37.0,0.0,0.0,0.0,
mnist,greedy_entropy,0,fixed_conf_0.9,0.0455873015873016,4.608333333333333,0.0,0.0,0.0,
mnist,greedy_entropy,0,fixed_conf_0.95,0.026015873015873017,5.956841269841273,0.0,0.0,0.0,
mnist,greedy_entropy,0,fixed_conf_0.99,0.010968253968253967,10.330825396825398,0.0,0.0,0.0,
mnist,greedy_entropy,0,full_acquisition,0.005539682539682538,49.0,0.0,0.0,0.0,
mnist,greedy_entropy,0,mondrian_oracle,0.07874920634920636,3.9217809523809524,0.03,0.0,0.01,
mnist,greedy_entropy,0,oracle_cheapest_valid,0.0983174603174603,3.406174603174603,1.0,0.0,1.0,
mnist,greedy_entropy,0,oracle_stratum_safe,0.05706349206349206,4.192888888888889,0.0,0.0,0.0,1.0
mnist,greedy_entropy,0,oracle_stratum_safe_mondrian,0.09658730158730154,3.7052063492063496,0.0,0.0,0.0,1.0
mnist,greedy_entropy,0,plugin,0.09765079365079364,3.4152619047619055,1.0,0.19,1.0,
mnist,random,0,budget_0.25,0.11458730158730158,12.0,1.0,1.0,1.0,
mnist,random,0,budget_0.5,0.025238095238095237,24.0,0.0,0.0,0.0,
mnist,random,0,budget_0.75,0.009333333333333334,37.0,0.0,0.0,0.0,
mnist,random,0,fixed_conf_0.9,0.054523809523809544,9.740539682539683,0.0,0.0,0.0,
mnist,random,0,fixed_conf_0.95,0.03061904761904761,11.45588888888889,0.0,0.0,0.0,
mnist,random,0,fixed_conf_0.99,0.010079365079365079,15.35226984126984,0.0,0.0,0.0,
mnist,random,0,full_acquisition,0.005539682539682538,49.0,0.0,0.0,0.0,
mnist,random,0,mondrian_oracle,0.07591746031746033,8.87547619047619,0.02,0.0,0.0,
mnist,random,0,oracle_cheapest_valid,0.09739682539682541,8.036238095238094,1.0,0.0,1.0,
mnist,random,0,oracle_stratum_safe,0.06295238095238094,9.257666666666665,0.0,0.0,0.0,1.0
mnist,random,0,oracle_stratum_safe_mondrian,0.09707936507936508,8.317873015873017,0.0,0.0,0.0,1.0
mnist,random,0,plugin,0.09640873015873015,8.071974603174603,1.0,0.28,1.0,
mnist,greedy_entropy,1,budget_0.25,0.027031746031746032,12.0,0.0,0.0,0.0,
mnist,greedy_entropy,1,budget_0.5,0.01714285714285714,24.0,0.0,0.0,0.0,
mnist,greedy_entropy,1,budget_0.75,0.010190476190476193,37.0,0.0,0.0,0.0,
mnist,greedy_entropy,1,fixed_conf_0.9,0.047031746031746036,4.642206349206348,0.0,0.0,0.0,
mnist,greedy_entropy,1,fixed_conf_0.95,0.028349206349206346,5.935539682539683,0.0,0.0,0.0,
mnist,greedy_entropy,1,fixed_conf_0.99,0.011047619047619051,10.389746031746034,0.0,0.0,0.0,
mnist,greedy_entropy,1,full_acquisition,0.00515873015873016,49.0,0.0,0.0,0.0,
mnist,greedy_entropy,1,mondrian_oracle,0.07692698412698412,4.076584126984127,0.01,0.0,0.0,
mnist,greedy_entropy,1,oracle_cheapest_valid,0.09793650793650795,3.5068095238095247,1.0,0.0,1.0,
mnist,greedy_entropy,1,oracle_stratum_safe,0.06126984126984126,4.180142857142857,0.0,0.0,0.0,1.0
mnist,greedy_entropy,1,oracle_stratum_safe_mondrian,0.09580952380952379,3.7541269841269838,0.0,0.0,0.0,1.0
mnist,greedy_entropy,1,plugin,0.09562857142857142,3.538726190476191,1.0,0.11,1.0,
mnist,random,1,budget_0.25,0.11373015873015874,12.0,1.0,1.0,1.0,
mnist,random,1,budget_0.5,0.024269841269841268,24.0,0.0,0.0,0.0,
mnist,random,1,budget_0.75,0.00892063492063492,37.0,0.0,0.0,0.0,
mnist,random,1,fixed_conf_0.9,0.048984126984127,9.781285714285714,0.0,0.0,0.0,
mnist,random,1,fixed_conf_0.95,0.02757142857142858,11.524936507936511,0.0,0.0,0.0,
mnist,random,1,fixed_conf_0.99,0.009428571428571429,15.523730158730164,0.0,0.0,0.0,
mnist,random,1,full_acquisition,0.00515873015873016,49.0,0.0,0.0,0.0,
mnist,random,1,mondrian_oracle,0.07611825396825396,8.730849206349207,0.01,0.0,0.0,
mnist,random,1,oracle_cheapest_valid,0.09801587301587299,7.877412698412697,1.0,0.0,1.0,
mnist,random,1,oracle_stratum_safe,0.06280952380952382,9.117285714285712,0.0,0.0,0.0,1.0
mnist,random,1,oracle_stratum_safe_mondrian,0.09792063492063491,8.216571428571429,0.0,0.0,0.0,1.0
mnist,random,1,plugin,0.09871349206349204,7.858496031746033,1.0,0.38,1.0,
mnist,greedy_entropy,2,budget_0.25,0.03411111111111111,12.0,0.0,0.0,0.0,
mnist,greedy_entropy,2,budget_0.5,0.020523809523809527,24.0,0.0,0.0,0.0,
mnist,greedy_entropy,2,budget_0.75,0.011476190476190471,37.0,0.0,0.0,0.0,
mnist,greedy_entropy,2,fixed_conf_0.9,0.053619047619047636,5.13279365079365,0.2,0.0,0.0,
mnist,greedy_entropy,2,fixed_conf_0.95,0.030317460317460312,6.914555555555555,0.0,0.0,0.0,
mnist,greedy_entropy,2,fixed_conf_0.99,0.011111111111111113,11.579492063492067,0.0,0.0,0.0,
mnist,greedy_entropy,2,full_acquisition,0.004952380952380953,49.0,0.0,0.0,0.0,
mnist,greedy_entropy,2,mondrian_oracle,0.07788809523809524,4.649037301587302,0.1,0.0,0.0,
mnist,greedy_entropy,2,oracle_cheapest_valid,0.09711111111111109,3.800333333333333,1.0,0.0,1.0,
mnist,greedy_entropy,2,oracle_stratum_safe,0.0610793650793651,4.786793650793652,0.0,0.0,0.0,1.0
mnist,greedy_entropy,2,oracle_stratum_safe_mondrian,0.09625396825396823,4.1852222222222215,0.0,0.0,0.0,1.0
mnist,greedy_entropy,2,plugin,0.09767301587301586,3.793453968253967,1.0,0.21,1.0,
mnist,random,2,budget_0.25,0.11874603174603174,12.0,1.0,1.0,1.0,
mnist,random,2,budget_0.5,0.026571428571428565,24.0,0.0,0.0,0.0,
mnist,random,2,budget_0.75,0.008714285714285716,37.0,0.0,0.0,0.0,
mnist,random,2,fixed_conf_0.9,0.05277777777777778,9.748999999999999,0.0,0.0,0.0,
mnist,random,2,fixed_conf_0.95,0.029857142857142853,11.48125396825397,0.0,0.0,0.0,
mnist,random,2,fixed_conf_0.99,0.009523809523809525,15.409428571428577,0.0,0.0,0.0,
mnist,random,2,full_acquisition,0.004952380952380953,49.0,0.0,0.0,0.0,
mnist,random,2,mondrian_oracle,0.07658809523809525,8.868270634920634,0.08,0.0,0.0,
mnist,random,2,oracle_cheapest_valid,0.09644444444444442,8.117920634920633,1.0,0.0,1.0,
mnist,random,2,oracle_stratum_safe,0.0650952380952381,9.217619047619046,0.0,0.0,0.0,1.0
mnist,random,2,oracle_stratum_safe_mondrian,0.09626984126984127,8.402904761904763,0.0,0.0,0.0,1.0
mnist,random,2,plugin,0.09716825396825395,8.101647619047617,1.0,0.27,1.0,
tabular-adult,greedy_entropy,0,budget_0.25,0.21624078624078627,4.0,1.0,0.0,1.0,
tabular-adult,greedy_entropy,0,budget_0.5,0.18100737100737108,7.0,1.0,0.0,1.0,
tabular-adult,greedy_entropy,0,budget_0.75,0.1578624078624079,10.0,1.0,0.0,1.0,
tabular-adult,greedy_entropy,0,fixed_conf_0.9,0.1508845208845209,7.320393120393121,1.0,0.0,1.0,
tabular-adult,greedy_entropy,0,fixed_conf_0.95,0.14931203931203932,8.468746928746928,1.0,0.0,1.0,
tabular-adult,greedy_entropy,0,fixed_conf_0.99,0.14685503685503684,11.555970515970516,1.0,0.0,1.0,
tabular-adult,greedy_entropy,0,full_acquisition,0.14665847665847664,14.0,1.0,0.0,1.0,
tabular-adult,greedy_entropy,0,mondrian_oracle,0.1822850122850123,5.633022113022115,1.0,0.0,1.0,
tabular-adult,greedy_entropy,0,oracle_cheapest_valid,0.23653562653562651,0.47648648648648645,1.0,0.0,1.0,
tabular-adult,greedy_entropy,0,oracle_stratum_safe,0.14665847665847664,14.0,1.0,0.0,1.0,0.0
tabular-adult,greedy_entropy,0,oracle_stratum_safe_mondrian,0.1822850122850123,5.633022113022115,1.0,0.0,1.0,0.0
tabular-adult,greedy_entropy,0,plugin,0.2204348894348894,1.2732395577395579,1.0,0.15,1.0,
tabular-adult,random,0,budget_0.25,0.20641277641277653,4.0,1.0,0.0,1.0,
tabular-adult,random,0,budget_0.5,0.1807371007371007,7.0,1.0,0.0,1.0,
tabular-adult,random,0,budget_0.75,0.15953316953316954,10.0,1.0,0.0,1.0,
tabular-adult,random,0,fixed_conf_0.9,0.15095823095823094,7.943316953316953,1.0,0.0,1.0,
tabular-adult,random,0,fixed_conf_0.95,0.14941031941031935,9.582530712530712,1.0,0.0,1.0,
tabular-adult,random,0,fixed_conf_0.99,0.14714987714987712,11.952579852579856,1.0,0.0,1.0,
tabular-adult,random,0,full_acquisition,0.14665847665847664,14.0,1.0,0.0,1.0,
tabular-adult,random,0,mondrian_oracle,0.18916584766584763,5.354308353808356,1.0,0.0,1.0,
tabular-adult,random,0,oracle_cheapest_valid,0.2338329238329237,0.6880098280098279,1.0,0.0,1.0,
tabular-adult,random,0,oracle_stratum_safe,0.14665847665847664,14.0,1.0,0.0,1.0,0.0
tabular-adult,random,0,oracle_stratum_safe_mondrian,0.19208845208845207,5.251891891891892,1.0,0.0,1.0,0.0
tabular-adult,random,0,plugin,0.2144324324324324,1.8562592137592135,1.0,0.15,1.0,
tabular-adult,greedy_entropy,1,budget_0.25,0.1888206388206389,4.0,1.0,0.0,1.0,
tabular-adult,greedy_entropy,1,budget_0.5,0.1845945945945945,7.0,1.0,0.0,1.0,
tabular-adult,greedy_entropy,1,budget_0.75,0.17678132678132674,10.0,1.0,0.0,1.0,
tabular-adult,greedy_entropy,1,fixed_conf_0.9,0.15923832923832926,6.381228501228502,1.0,0.0,1.0,
tabular-adult,greedy_entropy,1,fixed_conf_0.95,0.15415233415233412,8.423538083538086,1.0,0.0,1.0,
tabular-adult,greedy_entropy,1,fixed_conf_0.99,0.15147420147420146,12.063562653562654,1.0,0.0,1.0,
tabular-adult,greedy_entropy,1,full_acquisition,0.1511547911547911,14.0,1.0,0.0,1.0,
tabular-adult,greedy_entropy,1,mondrian_oracle,0.18243243243243237,5.586240786240787,1.0,0.0,1.0,
tabular-adult,greedy_entropy,1,oracle_cheapest_valid,0.16668304668304665,4.136068796068796,1.0,0.0,1.0,
tabular-adult,greedy_entropy,1,oracle_stratum_safe,0.1511547911547911,14.0,1.0,0.0,1.0,0.0
tabular-adult,greedy_entropy,1,oracle_stratum_safe_mondrian,0.18243243243243237,5.586240786240787,1.0,0.0,1.0,0.0
tabular-adult,greedy_entropy,1,plugin,0.17962530712530708,3.5133894348894343,1.0,0.15,1.0,
tabular-adult,random,1,budget_0.25,0.20587223587223594,4.0,1.0,0.0,1.0,
tabular-adult,random,1,budget_0.5,0.17970515970515968,7.0,1.0,0.0,1.0,
tabular-adult,random,1,budget_0.75,0.16164619164619162,10.0,1.0,0.0,1.0,
tabular-adult,random,1,fixed_conf_0.9,0.15680589680589685,7.7371744471744455,1.0,0.0,1.0,
tabular-adult,random,1,fixed_conf_0.95,0.15240786240786242,9.550982800982801,1.0,0.0,1.0,
tabular-adult,random,1,fixed_conf_0.99,0.15125307125307125,12.071793611793614,1.0,0.0,1.0,
tabular-adult,random,1,full_acquisition,0.1511547911547911,14.0,1.0,0.0,1.0,
tabular-adult,random,1,mondrian_oracle,0.18560565110565114,5.445232186732185,1.0,0.0,1.0,
tabular-adult,random,1,oracle_cheapest_valid,0.20361179361179368,2.607960687960688,1.0,0.0,1.0,
tabular-adult,random,1,oracle_stratum_safe,0.1511547911547911,14.0,1.0,0.0,1.0,0.0
tabular-adult,random,1,oracle_stratum_safe_mondrian,0.200982800982801,4.974643734643734,1.0,0.0,1.0,0.0
tabular-adult,random,1,plugin,0.21105651105651113,2.215256756756757,1.0,0.15,1.0,
tabular-adult,greedy_entropy,2,budget_0.25,0.2016953316953316,4.0,1.0,0.8,1.0,
tabular-adult,greedy_entropy,2,budget_0.5,0.18511056511056517,7.0,1.0,0.0,1.0,
tabular-adult,greedy_entropy,2,budget_0.75,0.157960687960688,10.0,1.0,0.0,1.0,
tabular-adult,greedy_entropy,2,fixed_conf_0.9,0.1532186732186732,7.1181081081081095,1.0,0.0,1.0,
tabular-adult,greedy_entropy,2,fixed_conf_0.95,0.14800982800982798,8.707911547911548,1.0,0.0,1.0,
tabular-adult,greedy_entropy,2,fixed_conf_0.99,0.14606879606879605,11.889926289926294,1.0,0.0,1.0,
tabular-adult,greedy_entropy,2,full_acquisition,0.14601965601965602,14.0,1.0,0.0,1.0,
tabular-adult,greedy_entropy,2,mondrian_oracle,0.16452088452088454,5.616339066339065,1.0,0.0,1.0,
tabular-adult,greedy_entropy,2,oracle_cheapest_valid,0.18221130221130216,2.7160196560196552,1.0,0.0,1.0,
tabular-adult,greedy_entropy,2,oracle_stratum_safe,0.14601965601965602,14.0,1.0,0.0,1.0,0.0
tabular-adult,greedy_entropy,2,oracle_stratum_safe_mondrian,0.16452088452088454,5.616339066339065,1.0,0.0,1.0,0.0
tabular-adult,greedy_entropy,2,plugin,0.18221130221130216,2.7160196560196552,1.0,0.0,1.0,
tabular-adult,random,2,budget_0.25,0.20405405405405397,4.0,1.0,0.8,1.0,
tabular-adult,random,2,budget_0.5,0.1731449631449631,7.0,1.0,0.0,1.0,
tabular-adult,random,2,budget_0.75,0.15867321867321862,10.0,1.0,0.0,1.0,
tabular-adult,random,2,fixed_conf_0.9,0.15004914004914002,8.006756756756758,1.0,0.0,1.0,
tabular-adult,random,2,fixed_conf_0.95,0.14756756756756753,9.719484029484033,1.0,0.0,1.0,
tabular-adult,random,2,fixed_conf_0.99,0.14616707616707617,12.158058968058967,1.0,0.0,1.0,
tabular-adult,random,2,full_acquisition,0.14601965601965602,14.0,1.0,0.0,1.0,
tabular-adult,random,2,mondrian_oracle,0.16830466830466834,6.027100737100736,1.0,0.0,1.0,
tabular-adult,random,2,oracle_cheapest_valid,0.18420147420147415,3.3707616707616705,1.0,0.0,1.0,
tabular-adult,random,2,oracle_stratum_safe,0.14601965601965602,14.0,1.0,0.0,1.0,0.0
tabular-adult,random,2,oracle_stratum_safe_mondrian,0.18081081081081085,5.656363636363635,1.0,0.0,1.0,0.0
tabular-adult,random,2,plugin,0.18420147420147415,3.3707616707616705,1.0,0.0,1.0,
tabular-MiniBooNE,greedy_entropy,0,budget_0.25,0.1103451221595763,12.0,1.0,0.0,1.0,
tabular-MiniBooNE,greedy_entropy,0,budget_0.5,0.09208098411071246,25.0,1.0,0.0,1.0,
tabular-MiniBooNE,greedy_entropy,0,budget_0.75,0.08487954894925677,38.0,1.0,0.0,1.0,
tabular-MiniBooNE,greedy_entropy,0,fixed_conf_0.9,0.08975738937297116,10.579506236118231,1.0,0.0,1.0,
tabular-MiniBooNE,greedy_entropy,0,fixed_conf_0.95,0.08051426618827952,16.827549974372115,1.0,0.0,1.0,
tabular-MiniBooNE,greedy_entropy,0,fixed_conf_0.99,0.07757560225525374,28.661259183324795,1.0,0.0,1.0,
tabular-MiniBooNE,greedy_entropy,0,full_acquisition,0.07726806765761146,50.0,1.0,0.0,1.0,
tabular-MiniBooNE,greedy_entropy,0,mondrian_oracle,0.11224628395694512,11.488877071587218,1.0,0.0,1.0,
tabular-MiniBooNE,greedy_entropy,0,oracle_cheapest_valid,0.12958311976764056,3.069904322569622,1.0,0.0,1.0,
tabular-MiniBooNE,greedy_entropy,0,oracle_stratum_safe,0.07726806765761146,50.0,1.0,0.0,1.0,0.0
tabular-MiniBooNE,greedy_entropy,0,oracle_stratum_safe_mondrian,0.11251494959849646,11.476652998462326,1.0,0.0,1.0,0.0
tabular-MiniBooNE,greedy_entropy,0,plugin,0.12958311976764056,3.069904322569622,1.0,0.0,1.0,
tabular-MiniBooNE,random,0,budget_0.25,0.15506577823338458,12.0,1.0,1.0,1.0,
tabular-MiniBooNE,random,0,budget_0.5,0.10839740304117548,25.0,1.0,0.0,1.0,
tabular-MiniBooNE,random,0,budget_0.75,0.0901674355031608,38.0,1.0,0.0,1.0,
tabular-MiniBooNE,random,0,fixed_conf_0.9,0.09332820775670594,16.646847770374173,1.0,0.0,1.0,
tabular-MiniBooNE,random,0,fixed_conf_0.95,0.08208610968733984,23.53834785580044,1.0,0.0,1.0,
tabular-MiniBooNE,random,0,fixed_conf_0.99,0.07749017597813088,35.21322398769862,1.0,0.0,1.0,
tabular-MiniBooNE,random,0,full_acquisition,0.07726806765761146,50.0,1.0,0.0,1.0,
tabular-MiniBooNE,random,0,mondrian_oracle,0.13388475995216134,13.251859302921577,1.0,0.0,1.0,
tabular-MiniBooNE,random,0,oracle_cheapest_valid,0.14730907227063045,7.113283786092601,1.0,0.0,1.0,
tabular-MiniBooNE,random,0,oracle_stratum_safe,0.07726806765761146,50.0,1.0,0.0,1.0,0.0
tabular-MiniBooNE,random,0,oracle_stratum_safe_mondrian,0.1372800273364087,13.033205193917652,1.0,0.0,1.0,0.0
tabular-MiniBooNE,random,0,plugin,0.14648599009055188,7.18752135656928,1.0,0.08,1.0,
tabular-MiniBooNE,greedy_entropy,1,budget_0.25,0.10861096873398257,12.0,1.0,0.0,1.0,
tabular-MiniBooNE,greedy_entropy,1,budget_0.5,0.08847599521612846,25.0,1.0,0.0,1.0,
tabular-MiniBooNE,greedy_entropy,1,budget_0.75,0.08195797027165556,38.0,1.0,0.0,1.0,
tabular-MiniBooNE,greedy_entropy,1,fixed_conf_0.9,0.09283273534939346,9.718990261404407,1.0,0.0,1.0,
tabular-MiniBooNE,greedy_entropy,1,fixed_conf_0.95,0.08095848282931829,16.326097727661033,1.0,0.0,1.0,
tabular-MiniBooNE,greedy_entropy,1,fixed_conf_0.99,0.07705450196480439,28.21290791047326,1.0,0.0,1.0,
tabular-MiniBooNE,greedy_entropy,1,full_acquisition,0.07672133948402529,50.0,1.0,0.0,1.0,
tabular-MiniBooNE,greedy_entropy,1,mondrian_oracle,0.11581453955236631,11.529457543140268,1.0,0.0,1.0,
tabular-MiniBooNE,greedy_entropy,1,oracle_cheapest_valid,0.1470784213223988,2.8629506236118227,1.0,0.0,1.0,
tabular-MiniBooNE,greedy_entropy,1,oracle_stratum_safe,0.07672133948402529,50.0,1.0,0.0,1.0,0.0
tabular-MiniBooNE,greedy_entropy,1,oracle_stratum_safe_mondrian,0.11863147104049208,11.424107295404065,1.0,0.0,1.0,0.0
tabular-MiniBooNE,greedy_entropy,1,plugin,0.14572526909277295,2.9146612848112072,1.0,0.06,1.0,
tabular-MiniBooNE,random,1,budget_0.25,0.1578677601230138,12.0,1.0,1.0,1.0,
tabular-MiniBooNE,random,1,budget_0.5,0.11014864172219369,25.0,1.0,0.0,1.0,
tabular-MiniBooNE,random,1,budget_0.75,0.08886041346318127,38.0,1.0,0.0,1.0,
tabular-MiniBooNE,random,1,fixed_conf_0.9,0.09887237314197851,15.252007517512386,1.0,0.0,1.0,
tabular-MiniBooNE,random,1,fixed_conf_0.95,0.08365795318640014,22.509994874423374,1.0,0.0,1.0,
tabular-MiniBooNE,random,1,fixed_conf_0.99,0.07690073466598325,34.06534255937125,1.0,0.0,1.0,
tabular-MiniBooNE,random,1,full_acquisition,0.07672133948402529,50.0,1.0,0.0,1.0,
tabular-MiniBooNE,random,1,mondrian_oracle,0.1312737057919016,12.831497949769352,1.0,0.0,1.0,
tabular-MiniBooNE,random,1,oracle_cheapest_valid,0.14912865197334702,6.994233726294208,1.0,0.0,1.0,
tabular-MiniBooNE,random,1,oracle_stratum_safe,0.07672133948402529,50.0,1.0,0.0,1.0,0.0
tabular-MiniBooNE,random,1,oracle_stratum_safe_mondrian,0.13645993507602938,12.463206902443192,1.0,0.0,1.0,0.0
tabular-MiniBooNE,random,1,plugin,0.1458179566034512,7.319588245344267,1.0,0.01,1.0,
tabular-MiniBooNE,greedy_entropy,2,budget_0.25,0.10159747138219716,12.0,1.0,0.0,1.0,
tabular-MiniBooNE,greedy_entropy,2,budget_0.5,0.09191867418417907,25.0,1.0,0.0,1.0,
tabular-MiniBooNE,greedy_entropy,2,budget_0.75,0.08433282077567057,38.0,1.0,0.0,1.0,
tabular-MiniBooNE,greedy_entropy,2,fixed_conf_0.9,0.09003929608747653,11.403972321886213,1.0,0.0,1.0,
tabular-MiniBooNE,greedy_entropy,2,fixed_conf_0.95,0.08086451392448318,18.346591491542796,1.0,0.0,1.0,
tabular-MiniBooNE,greedy_entropy,2,fixed_conf_0.99,0.07945498035195625,29.47650777379122,1.0,0.0,1.0,
tabular-MiniBooNE,greedy_entropy,2,full_acquisition,0.0795404066290791,50.0,1.0,0.0,1.0,
tabular-MiniBooNE,greedy_entropy,2,mondrian_oracle,0.11181146420638989,11.65003160772253,1.0,0.0,1.0,
tabular-MiniBooNE,greedy_entropy,2,oracle_cheapest_valid,0.1411754655732103,2.427438920211858,1.0,0.0,1.0,
tabular-MiniBooNE,greedy_entropy,2,oracle_stratum_safe,0.0795404066290791,50.0,1.0,0.0,1.0,0.0
tabular-MiniBooNE,greedy_entropy,2,oracle_stratum_safe_mondrian,0.1309670254570306,11.308628053989413,1.0,0.0,1.0,0.0
tabular-MiniBooNE,greedy_entropy,2,plugin,0.1411754655732103,2.427438920211858,1.0,0.0,1.0,
tabular-MiniBooNE,random,2,budget_0.25,0.15660345122159572,12.0,1.0,1.0,1.0,
tabular-MiniBooNE,random,2,budget_0.5,0.11204510507432089,25.0,1.0,0.0,1.0,
tabular-MiniBooNE,random,2,budget_0.75,0.09221766615410902,38.0,1.0,0.0,1.0,
tabular-MiniBooNE,random,2,fixed_conf_0.9,0.09292670425422861,17.081445412608915,1.0,0.0,1.0,
tabular-MiniBooNE,random,2,fixed_conf_0.95,0.08362378267555098,23.789073979156,1.0,0.0,1.0,
tabular-MiniBooNE,random,2,fixed_conf_0.99,0.08005296429181616,34.60910644114129,1.0,0.0,1.0,
tabular-MiniBooNE,random,2,full_acquisition,0.0795404066290791,50.0,1.0,0.0,1.0,
tabular-MiniBooNE,random,2,mondrian_oracle,0.13434349906031096,13.694378523833935,1.0,0.0,1.0,
tabular-MiniBooNE,random,2,oracle_cheapest_valid,0.14669400307534602,6.938236801640187,1.0,0.0,1.0,
tabular-MiniBooNE,random,2,oracle_stratum_safe,0.0795404066290791,50.0,1.0,0.0,1.0,0.0
tabular-MiniBooNE,random,2,oracle_stratum_safe_mondrian,0.1435503160772254,13.261635058944126,1.0,0.0,1.0,0.0
tabular-MiniBooNE,random,2,plugin,0.14827823338458918,6.793847172390227,1.0,0.46,1.0,
