dsname,train_seed,policy,score,n,T,full_acq_acc,acc_depth0,checkpoint_sha256,heldout_digest,path
csv-diabetes,0,greedy_entropy,softmax,36825,45,0.9038696537678208,0.7991038696537678,f413bec68098,6e25268c204e,F:\CAFA_results\pool_v3\csv-diabetes_ts0_greedy_entropy_softmax.npz
csv-diabetes,0,random,softmax,36825,45,0.9038696537678208,0.7991038696537678,f413bec68098,6e25268c204e,F:\CAFA_results\pool_v3\csv-diabetes_ts0_random_softmax.npz
csv-diabetes,1,greedy_entropy,softmax,36825,45,0.9027562797012899,0.7973387644263408,edd9aa910034,2f469262cbc3,F:\CAFA_results\pool_v3\csv-diabetes_ts1_greedy_entropy_softmax.npz
csv-diabetes,1,random,softmax,36825,45,0.9027562797012899,0.7973387644263408,edd9aa910034,2f469262cbc3,F:\CAFA_results\pool_v3\csv-diabetes_ts1_random_softmax.npz
csv-diabetes,2,greedy_entropy,softmax,36825,45,0.9048744059742023,0.7983435166327223,aeb45b835ce6,2639f31ad990,F:\CAFA_results\pool_v3\csv-diabetes_ts2_greedy_entropy_softmax.npz
csv-diabetes,2,random,softmax,36825,45,0.9048744059742023,0.7983435166327223,aeb45b835ce6,2639f31ad990,F:\CAFA_results\pool_v3\csv-diabetes_ts2_random_softmax.npz
csv-physionet,0,greedy_entropy,softmax,4800,41,0.8733333333333333,0.8589583333333334,d63ae9bd2870,75a0874ad10c,F:\CAFA_results\pool_v3\csv-physionet_ts0_greedy_entropy_softmax.npz
csv-physionet,0,random,softmax,4800,41,0.8733333333333333,0.8589583333333334,d63ae9bd2870,75a0874ad10c,F:\CAFA_results\pool_v3\csv-physionet_ts0_random_softmax.npz
csv-physionet,1,greedy_entropy,softmax,4800,41,0.8677083333333333,0.8579166666666667,bb7044e835d6,233009c15dc5,F:\CAFA_results\pool_v3\csv-physionet_ts1_greedy_entropy_softmax.npz
csv-physionet,1,random,softmax,4800,41,0.8677083333333333,0.8579166666666667,bb7044e835d6,233009c15dc5,F:\CAFA_results\pool_v3\csv-physionet_ts1_random_softmax.npz
csv-physionet,2,greedy_entropy,softmax,4800,41,0.8758333333333334,0.8627083333333333,80994308484e,d7a48a4c12a1,F:\CAFA_results\pool_v3\csv-physionet_ts2_greedy_entropy_softmax.npz
csv-physionet,2,random,softmax,4800,41,0.8758333333333334,0.8627083333333333,80994308484e,d7a48a4c12a1,F:\CAFA_results\pool_v3\csv-physionet_ts2_random_softmax.npz
cube,0,greedy_entropy,softmax,8000,20,0.953125,0.116375,2abc6ed1d248,e1fadee56732,F:\CAFA_results\pool_v3\cube_ts0_greedy_entropy_softmax.npz
cube,0,random,softmax,8000,20,0.953125,0.116375,2abc6ed1d248,e1fadee56732,F:\CAFA_results\pool_v3\cube_ts0_random_softmax.npz
cube,1,greedy_entropy,softmax,8000,20,0.952875,0.12625,605143887ce1,5f874a21f519,F:\CAFA_results\pool_v3\cube_ts1_greedy_entropy_softmax.npz
cube,1,random,softmax,8000,20,0.952875,0.12625,605143887ce1,5f874a21f519,F:\CAFA_results\pool_v3\cube_ts1_random_softmax.npz
cube,2,greedy_entropy,softmax,8000,20,0.952,0.13575,273cdde79cee,cbefa4b40d15,F:\CAFA_results\pool_v3\cube_ts2_greedy_entropy_softmax.npz
cube,2,random,softmax,8000,20,0.952,0.13575,273cdde79cee,cbefa4b40d15,F:\CAFA_results\pool_v3\cube_ts2_random_softmax.npz
fashionmnist,0,greedy_entropy,softmax,28000,49,0.9412857142857143,0.10089285714285715,0cfb3cca5dc5,08068a4d2a46,F:\CAFA_results\pool_v3\fashionmnist_ts0_greedy_entropy_softmax.npz
fashionmnist,0,random,softmax,28000,49,0.9412857142857143,0.10089285714285715,0cfb3cca5dc5,08068a4d2a46,F:\CAFA_results\pool_v3\fashionmnist_ts0_random_softmax.npz
fashionmnist,1,greedy_entropy,softmax,28000,49,0.9402142857142857,0.10075,730e388f3dcf,0f85cb72c9a6,F:\CAFA_results\pool_v3\fashionmnist_ts1_greedy_entropy_softmax.npz
fashionmnist,1,random,softmax,28000,49,0.9402142857142857,0.10075,730e388f3dcf,0f85cb72c9a6,F:\CAFA_results\pool_v3\fashionmnist_ts1_random_softmax.npz
fashionmnist,2,greedy_entropy,softmax,28000,49,0.9398571428571428,0.10017857142857142,ec2e2235aa86,5f3f8e973e5a,F:\CAFA_results\pool_v3\fashionmnist_ts2_greedy_entropy_softmax.npz
fashionmnist,2,random,softmax,28000,49,0.9398571428571428,0.10017857142857142,ec2e2235aa86,5f3f8e973e5a,F:\CAFA_results\pool_v3\fashionmnist_ts2_random_softmax.npz
image-imagenette,0,greedy_entropy,softmax,5358,49,0.9718178424785368,0.10078387458006718,5d6c8ed6c11f,5a8b1ac2c8d8,F:\CAFA_results\pool_v3\image-imagenette_ts0_greedy_entropy_softmax.npz
image-imagenette,0,random,softmax,5358,49,0.9718178424785368,0.10078387458006718,5d6c8ed6c11f,5a8b1ac2c8d8,F:\CAFA_results\pool_v3\image-imagenette_ts0_random_softmax.npz
image-imagenette,1,greedy_entropy,softmax,5358,49,0.9695782008212019,0.1015304217991788,7359f6e82058,e1bf3deff73b,F:\CAFA_results\pool_v3\image-imagenette_ts1_greedy_entropy_softmax.npz
image-imagenette,1,random,softmax,5358,49,0.9695782008212019,0.1015304217991788,7359f6e82058,e1bf3deff73b,F:\CAFA_results\pool_v3\image-imagenette_ts1_random_softmax.npz
image-imagenette,2,greedy_entropy,softmax,5358,49,0.975177304964539,0.09873086972751026,17499b3ab88b,7ff199231a77,F:\CAFA_results\pool_v3\image-imagenette_ts2_greedy_entropy_softmax.npz
image-imagenette,2,random,softmax,5358,49,0.975177304964539,0.09873086972751026,17499b3ab88b,7ff199231a77,F:\CAFA_results\pool_v3\image-imagenette_ts2_random_softmax.npz
mnist,0,greedy_entropy,softmax,28000,49,0.9948928571428571,0.11235714285714286,83bb6ca14a7a,08068a4d2a46,F:\CAFA_results\pool_v3\mnist_ts0_greedy_entropy_softmax.npz
mnist,0,random,softmax,28000,49,0.9948928571428571,0.11235714285714286,83bb6ca14a7a,08068a4d2a46,F:\CAFA_results\pool_v3\mnist_ts0_random_softmax.npz
mnist,1,greedy_entropy,softmax,28000,49,0.9949642857142857,0.10964285714285714,1a6c054c98a9,0f85cb72c9a6,F:\CAFA_results\pool_v3\mnist_ts1_greedy_entropy_softmax.npz
mnist,1,random,softmax,28000,49,0.9949642857142857,0.10964285714285714,1a6c054c98a9,0f85cb72c9a6,F:\CAFA_results\pool_v3\mnist_ts1_random_softmax.npz
mnist,2,greedy_entropy,softmax,28000,49,0.9949642857142857,0.11378571428571428,b2b28c72abdb,5f3f8e973e5a,F:\CAFA_results\pool_v3\mnist_ts2_greedy_entropy_softmax.npz
mnist,2,random,softmax,28000,49,0.9949642857142857,0.11378571428571428,b2b28c72abdb,5f3f8e973e5a,F:\CAFA_results\pool_v3\mnist_ts2_random_softmax.npz
tabular-MiniBooNE,0,greedy_entropy,softmax,52026,50,0.9225579517933341,0.7187944489293815,d23691461442,31626e74e71f,F:\CAFA_results\pool_v3\tabular-MiniBooNE_ts0_greedy_entropy_softmax.npz
tabular-MiniBooNE,0,random,softmax,52026,50,0.9225579517933341,0.7187944489293815,d23691461442,31626e74e71f,F:\CAFA_results\pool_v3\tabular-MiniBooNE_ts0_random_softmax.npz
tabular-MiniBooNE,1,greedy_entropy,softmax,52026,50,0.9221350863030023,0.7206396801599201,9074b85ee2d3,e1c26e49b75e,F:\CAFA_results\pool_v3\tabular-MiniBooNE_ts1_greedy_entropy_softmax.npz
tabular-MiniBooNE,1,random,softmax,52026,50,0.9221350863030023,0.7206396801599201,9074b85ee2d3,e1c26e49b75e,F:\CAFA_results\pool_v3\tabular-MiniBooNE_ts1_random_softmax.npz
tabular-MiniBooNE,2,greedy_entropy,softmax,52026,50,0.9212316918463845,0.7195056317994849,15b3e15c9e68,d9bb8215e73f,F:\CAFA_results\pool_v3\tabular-MiniBooNE_ts2_greedy_entropy_softmax.npz
tabular-MiniBooNE,2,random,softmax,52026,50,0.9212316918463845,0.7195056317994849,15b3e15c9e68,d9bb8215e73f,F:\CAFA_results\pool_v3\tabular-MiniBooNE_ts2_random_softmax.npz
tabular-adult,0,greedy_entropy,softmax,18089,14,0.8525070484825031,0.7508983360053071,da76a0a2142a,50f39d2111c0,F:\CAFA_results\pool_v3\tabular-adult_ts0_greedy_entropy_softmax.npz
tabular-adult,0,random,softmax,18089,14,0.8525070484825031,0.7508983360053071,da76a0a2142a,50f39d2111c0,F:\CAFA_results\pool_v3\tabular-adult_ts0_random_softmax.npz
tabular-adult,1,greedy_entropy,softmax,18089,14,0.8467576980485377,0.7456465255127426,dade48fdc961,753a04d20df3,F:\CAFA_results\pool_v3\tabular-adult_ts1_greedy_entropy_softmax.npz
tabular-adult,1,random,softmax,18089,14,0.8467576980485377,0.7456465255127426,dade48fdc961,753a04d20df3,F:\CAFA_results\pool_v3\tabular-adult_ts1_random_softmax.npz
tabular-adult,2,greedy_entropy,softmax,18089,14,0.8542207971695506,0.7528332135551993,470936b980cb,14dc26ad3814,F:\CAFA_results\pool_v3\tabular-adult_ts2_greedy_entropy_softmax.npz
tabular-adult,2,random,softmax,18089,14,0.8542207971695506,0.7528332135551993,470936b980cb,14dc26ad3814,F:\CAFA_results\pool_v3\tabular-adult_ts2_random_softmax.npz
