dataset,policy,seed,key,n_draws_cf0.25,n_draws_cf0.5,n_draws_cf1.0,n_k_cf0.25,n_k_cf0.5,n_k_cf1.0,pred_tier1_cf0.25,pred_tier1_cf0.5,pred_tier1_cf1.0,pred_tier1_hyper_cf0.25,pred_tier1_hyper_cf0.5,pred_tier1_hyper_cf1.0,tier1_cf0.25,tier1_cf0.5,tier1_cf1.0,cost_over_T_cf0.25,cost_over_T_cf0.5,cost_over_T_cf1.0,certified_violation_cf0.25,certified_violation_cf0.5,certified_violation_cf1.0
csv-diabetes,greedy_entropy,0,dep,100,100,5,1079.0,2158.0,4316.0,2.1672756405693672e-51,3.678477644885035e-93,5.3457399118273406e-173,2.3276258234596266e-61,4.893046506515664e-150,0.0,0.0,0.0,0.0,1.0,1.0,1.0,0.0,0.0,0.0
csv-diabetes,random,0,dep,100,100,5,851.0,1701.0,3403.0,7.765184951888957e-17,8.696036353389407e-27,7.791018732531857e-46,2.850152354015174e-20,1.0729214331460398e-44,0.0,0.0,0.0,0.0,1.0,1.0,1.0,0.0,0.0,0.0
csv-physionet,greedy_entropy,0,dep,100,100,5,540.0,1080.0,2160.0,0.9926492980617312,0.999989975040867,0.9999999999950256,0.9975173931835523,0.9999999995852404,1.0,0.99,1.0,1.0,0.015894196025293586,0.0,0.0,0.0,0.0,0.0
csv-physionet,random,0,dep,100,100,5,540.0,1080.0,2160.0,0.9926492980617312,0.999989975040867,0.9999999999950256,0.9975173931835523,0.9999999995852404,1.0,0.99,1.0,1.0,0.025813008130081302,0.0,0.0,0.0,0.0,0.0
cube,greedy_entropy,0,dep,100,100,5,296.0,592.0,1184.0,0.9655120369771104,0.9997506351454313,0.999999996240352,0.9830731071551855,0.9999999107653293,1.0,0.98,1.0,1.0,0.3442144444444445,0.28930486111111103,0.2712138888888889,0.0,0.0,0.0
cube,random,0,dep,100,100,5,186.0,371.0,742.0,0.7831431315681714,0.9828314927324613,0.9998614365224965,0.7703720871784961,0.9943170827237477,1.0,0.69,0.99,1.0,0.7406790277777778,0.5763355555555555,0.5536694444444444,0.0,0.0,0.0
fashionmnist,greedy_entropy,0,dep,100,100,5,645.0,1289.0,2578.0,0.08487557398628384,0.1625470336195391,0.28989327512260676,0.06507751337445761,0.1100129025070992,0.4,0.12,0.12,0.4,0.9221367184969226,0.9294601878846777,0.7715672173631357,0.01,0.0,0.0
fashionmnist,random,0,dep,100,100,5,730.0,1460.0,2920.0,0.09402271129243728,0.16033624254706985,0.24530920849343021,0.06973875060538899,0.1302462010979658,0.2,0.06,0.12,0.2,0.964402413346291,0.9258579041140265,0.8696329770003239,0.01,0.01,0.0
image-imagenette,greedy_entropy,0,dep,100,100,5,136.0,272.0,544.0,0.14391306649654728,0.25746079785448617,0.5258338531227593,0.08955293943808734,0.19380057488081923,0.4,0.09,0.2,0.4,0.9706602392097445,0.8839743014584515,0.7103192002640957,0.0,0.0,0.0
image-imagenette,random,0,dep,100,100,5,122.0,243.0,486.0,0.09087012771188342,0.16774665112349915,0.32997121102903204,0.054523309483139624,0.09655436005236202,0.2,0.03,0.09,0.2,0.9773656455531197,0.9402546153260145,0.8512938149129415,0.0,0.0,0.0
mnist,greedy_entropy,0,dep,100,100,5,1097.0,2194.0,4388.0,1.0,1.0,1.0,0.9999999999932406,0.9999999999917997,1.0,1.0,1.0,1.0,0.07816571104632328,0.07462586653709102,0.07222287010042112,0.0,0.0,0.0
mnist,random,0,dep,100,100,5,721.0,1442.0,2884.0,1.0,1.0,1.0,0.9999999999940657,0.9999999999932415,1.0,1.0,1.0,1.0,0.19413163265306121,0.18354757045675416,0.17801133786848072,0.0,0.0,0.0
tabular-MiniBooNE,greedy_entropy,0,dep,100,100,5,1660.0,3321.0,6642.0,0.018089311113104994,0.02443166035145454,0.034523066709957896,0.009451528394610064,0.005672182656013977,0.0,0.02,0.01,0.0,0.9898888518708354,0.9930532632837861,1.0,0.01,0.01,0.0
tabular-MiniBooNE,random,0,dep,100,100,5,1186.0,2371.0,4743.0,0.17696287276904019,0.3190124090152886,0.528894306886109,0.13505592462605215,0.2528053311098442,0.2,0.1,0.26,0.2,0.9380651375363062,0.8619317956603453,0.8581893046301043,0.0,0.0,0.0
tabular-adult,greedy_entropy,0,dep,100,100,5,436.0,873.0,1746.0,0.7475889846669318,0.9673503968995012,0.9994601231502228,0.7915460815467706,0.9933457521713001,1.0,0.81,1.0,1.0,0.3947931730431731,0.21320393120393125,0.21009828009828008,0.01,0.0,0.0
tabular-adult,random,0,dep,100,100,5,454.0,909.0,1818.0,0.019866326316283288,0.019640077202120115,0.025633762594557147,0.00820388747139521,0.003031107383009623,0.0,0.02,0.0,0.0,0.9906971744471745,1.0,1.0,0.0,0.0,0.0
