dataset,policy,seed,baseline,mean_test_risk,mean_test_cost,stratum_violation_rate,aggregate_violation_rate
csv-diabetes,greedy_entropy,0,budget_0.25,0.09485879797248371,11.0,1.0,0.0
csv-diabetes,greedy_entropy,0,budget_0.5,0.09431571325126722,22.0,1.0,0.0
csv-diabetes,greedy_entropy,0,budget_0.75,0.09449674149167268,34.0,1.0,0.0
csv-diabetes,greedy_entropy,0,fixed_conf_0.9,0.09666908037653878,9.407856625633599,1.0,0.0
csv-diabetes,greedy_entropy,0,fixed_conf_0.95,0.09618633840212405,12.098600048274195,1.0,0.0
csv-diabetes,greedy_entropy,0,fixed_conf_0.99,0.0964880521361332,13.134262611634083,1.0,0.0
csv-diabetes,greedy_entropy,0,full_acquisition,0.09672942312334057,45.0,1.0,0.0
csv-diabetes,greedy_entropy,0,mondrian_oracle,0.11332367849384503,11.61658218682115,1.0,0.0
csv-diabetes,greedy_entropy,0,oracle_cheapest_valid,0.09956553222302679,6.879012792662324,1.0,0.0
csv-diabetes,greedy_entropy,0,plugin,0.09956553222302679,6.879012792662324,1.0,0.0
csv-diabetes,random,0,budget_0.25,0.1645546705286025,11.0,1.0,1.0
csv-diabetes,random,0,budget_0.5,0.1322713009896211,22.0,1.0,0.0
csv-diabetes,random,0,budget_0.75,0.10928071445812215,34.0,1.0,0.0
csv-diabetes,random,0,fixed_conf_0.9,0.11700458604875698,16.264663287472843,1.0,0.0
csv-diabetes,random,0,fixed_conf_0.95,0.10378952449915524,19.78101617185615,1.0,0.0
csv-diabetes,random,0,fixed_conf_0.99,0.09823799179338642,24.2432416123582,1.0,0.0
csv-diabetes,random,0,full_acquisition,0.09672942312334057,45.0,1.0,0.0
csv-diabetes,random,0,mondrian_oracle,0.1482639391745112,10.7289150374125,1.0,0.0
csv-diabetes,random,0,oracle_cheapest_valid,0.14705527395607043,10.301774076755974,1.0,0.0
csv-diabetes,random,0,plugin,0.14756275645667388,10.206162201303403,1.0,0.22
csv-physionet,greedy_entropy,0,budget_0.25,0.14212962962962963,10.0,0.0,0.0
csv-physionet,greedy_entropy,0,budget_0.5,0.1342592592592593,20.0,0.0,0.0
csv-physionet,greedy_entropy,0,budget_0.75,0.12685185185185183,31.0,0.0,0.0
csv-physionet,greedy_entropy,0,fixed_conf_0.9,0.1314814814814815,7.430092592592591,0.0,0.0
csv-physionet,greedy_entropy,0,fixed_conf_0.95,0.1287037037037037,14.346296296296293,0.0,0.0
csv-physionet,greedy_entropy,0,fixed_conf_0.99,0.12685185185185183,26.977314814814804,0.0,0.0
csv-physionet,greedy_entropy,0,full_acquisition,0.12731481481481485,41.0,0.0,0.0
csv-physionet,greedy_entropy,0,mondrian_oracle,0.14444444444444438,0.0,0.0,0.0
csv-physionet,greedy_entropy,0,oracle_cheapest_valid,0.14444444444444438,0.0,0.0,0.0
csv-physionet,greedy_entropy,0,plugin,0.14444444444444438,0.0,0.0,0.0
csv-physionet,random,0,budget_0.25,0.14537037037037037,10.0,0.0,0.0
csv-physionet,random,0,budget_0.5,0.13749999999999996,20.0,0.0,0.0
csv-physionet,random,0,budget_0.75,0.1314814814814815,31.0,0.0,0.0
csv-physionet,random,0,fixed_conf_0.9,0.1342592592592593,11.870833333333337,0.0,0.0
csv-physionet,random,0,fixed_conf_0.95,0.1287037037037037,24.001851851851853,0.0,0.0
csv-physionet,random,0,fixed_conf_0.99,0.12731481481481485,36.216666666666676,0.0,0.0
csv-physionet,random,0,full_acquisition,0.12731481481481485,41.0,0.0,0.0
csv-physionet,random,0,mondrian_oracle,0.14444444444444438,0.0,0.0,0.0
csv-physionet,random,0,oracle_cheapest_valid,0.14444444444444438,0.0,0.0,0.0
csv-physionet,random,0,plugin,0.14444444444444438,0.0,0.0,0.0
cube,greedy_entropy,0,budget_0.25,0.1333333333333333,5.0,1.0,0.0
cube,greedy_entropy,0,budget_0.5,0.06916666666666668,10.0,0.0,0.0
cube,greedy_entropy,0,budget_0.75,0.0588888888888889,15.0,0.0,0.0
cube,greedy_entropy,0,fixed_conf_0.9,0.08388888888888892,6.520277777777777,0.0,0.0
cube,greedy_entropy,0,fixed_conf_0.95,0.062222222222222213,8.28777777777778,0.0,0.0
cube,greedy_entropy,0,fixed_conf_0.99,0.047222222222222235,11.665555555555555,0.0,0.0
cube,greedy_entropy,0,full_acquisition,0.04527777777777777,20.0,0.0,0.0
cube,greedy_entropy,0,mondrian_oracle,0.10912500000000001,4.978350000000001,0.0,0.0
cube,greedy_entropy,0,oracle_cheapest_valid,0.15,3.6208333333333327,1.0,0.0
cube,greedy_entropy,0,plugin,0.14423055555555553,3.7533527777777773,1.0,0.04
cube,random,0,budget_0.25,0.5261111111111111,5.0,1.0,1.0
cube,random,0,budget_0.5,0.26777777777777784,10.0,1.0,1.0
cube,random,0,budget_0.75,0.11277777777777778,15.0,1.0,0.0
cube,random,0,fixed_conf_0.9,0.0763888888888889,12.76388888888889,0.0,0.0
cube,random,0,fixed_conf_0.95,0.05861111111111114,14.16666666666667,0.0,0.0
cube,random,0,fixed_conf_0.99,0.046388888888888896,16.114444444444445,0.0,0.0
cube,random,0,full_acquisition,0.04527777777777777,20.0,0.0,0.0
cube,random,0,mondrian_oracle,0.10360833333333334,11.029822222222222,0.0,0.0
cube,random,0,oracle_cheapest_valid,0.14972222222222223,9.24916666666667,1.0,0.0
cube,random,0,plugin,0.13831666666666664,9.565019444444445,1.0,0.02
fashionmnist,greedy_entropy,0,budget_0.25,0.11650793650793646,12.0,1.0,0.0
fashionmnist,greedy_entropy,0,budget_0.5,0.07952380952380955,24.0,1.0,0.0
fashionmnist,greedy_entropy,0,budget_0.75,0.0656349206349206,37.0,1.0,0.0
fashionmnist,greedy_entropy,0,fixed_conf_0.9,0.09111111111111113,9.025079365079366,1.0,0.0
fashionmnist,greedy_entropy,0,fixed_conf_0.95,0.07341269841269842,12.599603174603171,1.0,0.0
fashionmnist,greedy_entropy,0,fixed_conf_0.99,0.061666666666666654,20.91190476190476,1.0,0.0
fashionmnist,greedy_entropy,0,full_acquisition,0.05920634920634921,49.0,1.0,0.0
fashionmnist,greedy_entropy,0,mondrian_oracle,0.12263412698412697,12.690145238095237,1.0,0.0
fashionmnist,greedy_entropy,0,oracle_cheapest_valid,0.14738095238095242,4.778492063492065,1.0,0.0
fashionmnist,greedy_entropy,0,plugin,0.14288809523809523,5.045011904761904,1.0,0.0
fashionmnist,random,0,budget_0.25,0.13873015873015876,12.0,1.0,0.0
fashionmnist,random,0,budget_0.5,0.08952380952380955,24.0,1.0,0.0
fashionmnist,random,0,budget_0.75,0.07000000000000003,37.0,1.0,0.0
fashionmnist,random,0,fixed_conf_0.9,0.09039682539682536,12.373174603174604,1.0,0.0
fashionmnist,random,0,fixed_conf_0.95,0.07134920634920637,15.935396825396822,1.0,0.0
fashionmnist,random,0,fixed_conf_0.99,0.06,23.116746031746032,1.0,0.0
fashionmnist,random,0,full_acquisition,0.05920634920634921,49.0,1.0,0.0
fashionmnist,random,0,mondrian_oracle,0.1299515873015873,13.340336507936508,1.0,0.0
fashionmnist,random,0,oracle_cheapest_valid,0.1495238095238096,7.453730158730159,1.0,0.0
fashionmnist,random,0,plugin,0.1490809523809524,7.479858730158732,1.0,0.18
mnist,greedy_entropy,0,budget_0.25,0.026190476190476188,12.0,0.0,0.0
mnist,greedy_entropy,0,budget_0.5,0.015396825396825395,24.0,0.0,0.0
mnist,greedy_entropy,0,budget_0.75,0.009761904761904762,37.0,0.0,0.0
mnist,greedy_entropy,0,fixed_conf_0.9,0.04563492063492064,4.583412698412699,0.0,0.0
mnist,greedy_entropy,0,fixed_conf_0.95,0.025238095238095223,5.9703968253968265,0.0,0.0
mnist,greedy_entropy,0,fixed_conf_0.99,0.010396825396825399,10.32436507936508,0.0,0.0
mnist,greedy_entropy,0,full_acquisition,0.0058730158730158745,49.0,0.0,0.0
mnist,greedy_entropy,0,mondrian_oracle,0.08303253968253965,3.600963492063492,0.0,0.0
mnist,greedy_entropy,0,oracle_cheapest_valid,0.09896825396825394,3.3924603174603174,1.0,0.0
mnist,greedy_entropy,0,plugin,0.0967047619047619,3.41707380952381,0.99,0.04
mnist,random,0,budget_0.25,0.11357142857142861,12.0,1.0,1.0
mnist,random,0,budget_0.5,0.0238888888888889,24.0,0.0,0.0
mnist,random,0,budget_0.75,0.00865079365079365,37.0,0.0,0.0
mnist,random,0,fixed_conf_0.9,0.0538888888888889,9.689126984126986,0.0,0.0
mnist,random,0,fixed_conf_0.95,0.030634920634920636,11.392936507936513,0.0,0.0
mnist,random,0,fixed_conf_0.99,0.010238095238095237,15.268412698412702,0.0,0.0
mnist,random,0,full_acquisition,0.0058730158730158745,49.0,0.0,0.0
mnist,random,0,mondrian_oracle,0.07457619047619048,8.719692063492063,0.0,0.0
mnist,random,0,oracle_cheapest_valid,0.09960317460317461,7.885238095238098,1.0,0.0
mnist,random,0,plugin,0.09472698412698416,8.046689682539682,0.87,0.0
tabular-adult,greedy_entropy,0,budget_0.25,0.21449631449631454,4.0,1.0,0.0
tabular-adult,greedy_entropy,0,budget_0.5,0.17972972972972973,7.0,1.0,0.0
tabular-adult,greedy_entropy,0,budget_0.75,0.15565110565110568,10.0,0.0,0.0
tabular-adult,greedy_entropy,0,fixed_conf_0.9,0.15098280098280095,7.374201474201474,0.0,0.0
tabular-adult,greedy_entropy,0,fixed_conf_0.95,0.14926289926289926,8.525061425061423,0.0,0.0
tabular-adult,greedy_entropy,0,fixed_conf_0.99,0.14692874692874697,11.624078624078628,0.0,0.0
tabular-adult,greedy_entropy,0,full_acquisition,0.14656019656019656,14.0,0.0,0.0
tabular-adult,greedy_entropy,0,mondrian_oracle,0.1762371007371007,2.0645995085995095,0.0,0.0
tabular-adult,greedy_entropy,0,oracle_cheapest_valid,0.2434889434889436,0.0,1.0,0.0
tabular-adult,greedy_entropy,0,plugin,0.20660933660933659,1.80822113022113,1.0,0.0
tabular-adult,random,0,budget_0.25,0.2045454545454545,4.0,1.0,0.0
tabular-adult,random,0,budget_0.5,0.18132678132678134,7.0,1.0,0.0
tabular-adult,random,0,budget_0.75,0.16044226044226043,10.0,1.0,0.0
tabular-adult,random,0,fixed_conf_0.9,0.1503685503685504,7.965233415233416,1.0,0.0
tabular-adult,random,0,fixed_conf_0.95,0.14926289926289926,9.621621621621621,1.0,0.0
tabular-adult,random,0,fixed_conf_0.99,0.14692874692874697,12.013513513513514,1.0,0.0
tabular-adult,random,0,full_acquisition,0.14656019656019656,14.0,1.0,0.0
tabular-adult,random,0,mondrian_oracle,0.18612039312039313,3.590004914004913,1.0,0.0
tabular-adult,random,0,oracle_cheapest_valid,0.2434889434889436,0.0,1.0,0.0
tabular-adult,random,0,plugin,0.19773955773955776,2.651783783783783,1.0,0.0
tabular-MiniBooNE,greedy_entropy,0,budget_0.25,0.11156671792243289,12.0,1.0,0.0
tabular-MiniBooNE,greedy_entropy,0,budget_0.5,0.09384076541944303,25.0,1.0,0.0
tabular-MiniBooNE,greedy_entropy,0,budget_0.75,0.08662224500256277,38.0,1.0,0.0
tabular-MiniBooNE,greedy_entropy,0,fixed_conf_0.9,0.09217495301554758,10.543140269947036,1.0,0.0
tabular-MiniBooNE,greedy_entropy,0,fixed_conf_0.95,0.08337604647189474,16.778105245173414,1.0,0.0
tabular-MiniBooNE,greedy_entropy,0,fixed_conf_0.99,0.08055697932684092,28.60665470698785,1.0,0.0
tabular-MiniBooNE,greedy_entropy,0,full_acquisition,0.08017256107978814,50.0,1.0,0.0
tabular-MiniBooNE,greedy_entropy,0,mondrian_oracle,0.10529044934221769,15.08396634204681,1.0,0.0
tabular-MiniBooNE,greedy_entropy,0,oracle_cheapest_valid,0.1322825901247224,3.0473261575260557,1.0,0.0
tabular-MiniBooNE,greedy_entropy,0,plugin,0.1322825901247224,3.0473261575260557,1.0,0.0
tabular-MiniBooNE,random,0,budget_0.25,0.1565436528276098,12.0,1.0,1.0
tabular-MiniBooNE,random,0,budget_0.5,0.1098581923799761,25.0,1.0,0.0
tabular-MiniBooNE,random,0,budget_0.75,0.09217495301554758,38.0,1.0,0.0
tabular-MiniBooNE,random,0,fixed_conf_0.9,0.09631812745600543,16.65111908423031,0.0,0.0
tabular-MiniBooNE,random,0,fixed_conf_0.95,0.08534085084572014,23.4685631300188,0.0,0.0
tabular-MiniBooNE,random,0,fixed_conf_0.99,0.08042883991115668,35.17478216299333,0.0,0.0
tabular-MiniBooNE,random,0,full_acquisition,0.08017256107978814,50.0,0.0,0.0
tabular-MiniBooNE,random,0,mondrian_oracle,0.13454809499402015,11.550222535451905,0.09,0.0
tabular-MiniBooNE,random,0,oracle_cheapest_valid,0.14830001708525536,7.1213480266529965,1.0,0.0
tabular-MiniBooNE,random,0,plugin,0.14831368528959504,7.120319494276438,1.0,0.08
