dataset,policy,seeds,alpha,tier1,tier3,tier1_range,flag,deepest_k,n_k,r_full,rmin_thr,deepest_verdict
csv-diabetes,greedy_entropy,0 / 1 / 2,0.15 / 0.15 / 0.15,0.000 / 0.000 / 0.000,1.000 / 0.050 / 1.000,0.0,,1 / 1 / 1,4289 / 3614 / 4450,0.333 / 0.388 / 0.321,0.329 / 0.388 / 0.317,type_II / type_II / type_II
csv-diabetes,random,0 / 1 / 2,0.15 / 0.15 / 0.15,0.000 / 0.000 / 0.000,1.000 / 1.000 / 1.000,0.0,,3 / 3 / 3,3305 / 3633 / 3391,0.241 / 0.241 / 0.231,0.241 / 0.241 / 0.231,type_II / type_II / type_II
csv-physionet,greedy_entropy,0 / 1 / 2,0.2 / 0.2 / 0.2,1.000 / 1.000 / 1.000,0.000 / 0.000 / 0.000,0.0,,0 / 0 / 0,2160 / 2160 / 2160,0.126 / 0.131 / 0.120,0.126 / 0.131 / 0.120,feasible / feasible / feasible
csv-physionet,random,0 / 1 / 2,0.2 / 0.2 / 0.2,1.000 / 1.000 / 1.000,0.000 / 0.000 / 0.000,0.0,,0 / 0 / 0,2160 / 2160 / 2160,0.126 / 0.131 / 0.120,0.126 / 0.130 / 0.120,feasible / feasible / feasible
cube,greedy_entropy,0 / 1 / 2,0.15 / 0.15 / 0.15,1.000 / 0.600 / 0.970,0.000 / 0.400 / 0.030,0.4,FLAG,2 / 3 / 2,1230 / 942 / 1137,0.080 / 0.103 / 0.092,0.080 / 0.103 / 0.092,feasible / feasible / feasible
cube,random,0 / 1 / 2,0.15 / 0.15 / 0.15,0.990 / 0.690 / 1.000,0.010 / 0.310 / 0.000,0.31000000000000005,FLAG,3 / 3 / 4,714 / 763 / 840,0.083 / 0.104 / 0.090,0.080 / 0.104 / 0.088,feasible / feasible / feasible
fashionmnist,greedy_entropy,0 / 1 / 2,0.15 / 0.15 / 0.15,0.120 / 0.340 / 0.000,0.880 / 0.660 / 1.000,0.34,FLAG,4 / 4 / 3,2640 / 2671 / 2955,0.133 / 0.132 / 0.148,0.133 / 0.132 / 0.148,feasible / feasible / feasible
fashionmnist,random,0 / 1 / 2,0.15 / 0.15 / 0.15,0.120 / 0.010 / 0.000,0.880 / 0.990 / 1.000,0.12,,4 / 4 / 4,2852 / 2606 / 2505,0.129 / 0.144 / 0.153,0.129 / 0.144 / 0.153,feasible / feasible / unresolved
image-imagenette,greedy_entropy,0 / 1 / 2,0.1 / 0.1 / 0.1,0.200 / 0.280 / 0.360,0.800 / 0.720 / 0.640,0.15999999999999998,,3 / 3 / 3,498 / 518 / 458,0.078 / 0.077 / 0.074,0.078 / 0.077 / 0.074,feasible / feasible / feasible
image-imagenette,random,0 / 1 / 2,0.1 / 0.1 / 0.1,0.090 / 0.390 / 0.440,0.910 / 0.610 / 0.560,0.35,FLAG,3 / 3 / 3,496 / 517 / 562,0.083 / 0.075 / 0.069,0.083 / 0.075 / 0.069,feasible / feasible / feasible
mnist,greedy_entropy,0 / 1 / 2,0.1 / 0.1 / 0.1,1.000 / 1.000 / 1.000,0.000 / 0.000 / 0.000,0.0,,2 / 3 / 4,4794 / 2824 / 3589,0.008 / 0.010 / 0.009,0.008 / 0.010 / 0.009,feasible / feasible / feasible
mnist,random,0 / 1 / 2,0.1 / 0.1 / 0.1,1.000 / 1.000 / 1.000,0.000 / 0.000 / 0.000,0.0,,4 / 4 / 4,2826 / 2394 / 2653,0.012 / 0.010 / 0.009,0.012 / 0.010 / 0.009,feasible / feasible / feasible
tabular-MiniBooNE,greedy_entropy,0 / 1 / 2,0.15 / 0.15 / 0.15,0.010 / 0.000 / 0.010,0.990 / 1.000 / 0.990,0.01,,2 / 2 / 2,6883 / 6308 / 5395,0.146 / 0.158 / 0.151,0.144 / 0.158 / 0.150,feasible / type_II / unresolved
tabular-MiniBooNE,random,0 / 1 / 2,0.15 / 0.15 / 0.15,0.260 / 0.380 / 0.910,0.740 / 0.620 / 0.090,0.65,FLAG,3 / 3 / 4,4635 / 4688 / 5335,0.132 / 0.137 / 0.130,0.132 / 0.137 / 0.130,feasible / feasible / feasible
tabular-adult,greedy_entropy,0 / 1 / 2,0.25 / 0.25 / 0.2,1.000 / 0.000 / 0.020,0.000 / 1.000 / 0.980,1.0,FLAG,1 / 2 / 1,1788 / 1712 / 2098,0.196 / 0.330 / 0.206,0.196 / 0.330 / 0.206,feasible / type_II / unresolved
tabular-adult,random,0 / 1 / 2,0.25 / 0.25 / 0.2,0.000 / 0.290 / 0.000,1.000 / 0.710 / 1.000,0.29,FLAG,2 / 1 / 2,1860 / 1793 / 1736,0.254 / 0.225 / 0.269,0.254 / 0.225 / 0.269,unresolved / feasible / type_II
