dataset,policy,seed,alpha,G,lambda_ref,marginal_cost,tier1,tier2,tier3,none,certified_deployment,deployed_cost,cost_premium,answered_fraction,test_stratum_violation,violation_by_split,certified_violation,max_excess_se,delta,deepest_verdict,verdict_agreement,deployed_cost_over_T,marginal_cost_over_T,mondrian_cost_over_T,tier2_would_certify,escalated_fraction,oracle_safe_cost_over_T,oracle_safe_feasible_rate,cascade_over_safe_oracle
csv-diabetes,greedy_entropy,0,0.15,2,0.798,6.915471880279988,0.0,0.0,0.93,0.07,0.93,45.0,6.507148142460248,0.7378433502293027,0.0,0.000–0.000,0.0,-5.013275761409489,0.1,type_II,5/5,1.0,0.15367715289511083,0.25889452087859055,0.0,0.2621566497706973,1.0,0.0,1.0
csv-diabetes,random,0,0.15,4,0.828,11.830278783490224,0.0,0.0,1.0,0.0,1.0,45.0,3.8037987796872437,0.8813987448708666,0.0,0.000–0.000,0.0,-5.415648531830959,0.1,type_II,5/5,1.0,0.2628950840775605,0.2543160082602516,0.0,0.11860125512913344,1.0,0.0,1.0
csv-physionet,greedy_entropy,0,0.2,1,0.0,0.45641666666666664,0.99,0.0,0.01,0.0,1.0,0.651662037037037,1.427778792120585,0.9995694444444445,0.0,0.000–0.000,0.0,-6.692415006297879,0.1,feasible,5/5,0.015894196025293586,0.01113211382113821,0.01113211382113821,0.0,0.00043055555555548963,0.0,1.0,
csv-physionet,random,0,0.2,1,0.0,0.5335509259259259,0.99,0.0,0.01,0.0,1.0,1.0583333333333333,1.98356573273057,0.9995694444444445,0.0,0.000–0.000,0.0,-6.690263348883319,0.1,feasible,5/5,0.025813008130081302,0.013013437217705509,0.013013437217705509,0.0,0.00043055555555548963,0.0,1.0,
cube,greedy_entropy,0,0.15,3,0.798,4.467141666666667,0.98,0.0,0.02,0.0,1.0,6.88428888888889,1.5410948213840447,0.9997416666666666,0.0,0.000–0.000,0.0,-4.778082330858217,0.1,feasible,5/5,0.3442144444444445,0.22335708333333332,0.28963027777777767,0.0,0.0002583333333333604,0.22887500000000008,1.0,1.503940773105164
cube,random,0,0.15,4,0.707,10.198619444444446,0.69,0.0,0.31,0.0,1.0,14.813580555555557,1.4525084141290363,0.990263888888889,0.0,0.000–0.000,0.0,-5.087325205534486,0.1,feasible,5/5,0.7406790277777778,0.5099309722222223,0.5962850000000002,0.0,0.009736111111110946,0.5182888888888889,1.0,1.4290852913433094
fashionmnist,greedy_entropy,0,0.15,5,0.778,5.527533333333333,0.12,0.0,0.88,0.0,1.0,45.18469920634921,8.174477923790457,0.9633722222222221,0.07,0.000–0.250,0.01,-6.110768357362636,0.1,feasible,5/5,0.9221367184969226,0.11280680272108844,0.2688777453838678,0.0,0.036627777777777926,0.4229744088111435,0.8,2.1801241382162515
fashionmnist,random,0,0.15,5,0.778,8.117827777777777,0.06,0.0,0.94,0.0,1.0,47.255718253968254,5.821227001554389,0.9765753968253967,0.05,0.000–0.250,0.01,-5.378214256358003,0.1,feasible,5/5,0.964402413346291,0.16566995464852605,0.30467005183025586,0.0,0.023424603174603265,0.4641085195983155,0.8,2.077967485235949
image-imagenette,greedy_entropy,0,0.1,4,0.859,8.577706345914557,0.09,0.0,0.91,0.0,1.0,47.56235172127748,5.5448799251481455,0.9465906262961429,0.01,0.000–0.050,0.0,-4.782211438744124,0.1,feasible,5/5,0.9706602392097445,0.17505523154927666,0.3566498785329147,0.0,0.05340937370385712,0.23228569735650384,1.0,4.17873442168938
image-imagenette,random,0,0.1,4,0.838,8.046333471588552,0.03,0.0,0.97,0.0,1.0,47.890916632102865,5.951893095309157,0.922588137702198,0.0,0.000–0.000,0.0,-4.795787544804951,0.1,feasible,5/5,0.9773656455531197,0.16421088717527657,0.315513928507944,0.0,0.07741186229780195,0.1890434149603433,1.0,5.170059193853153
mnist,greedy_entropy,0,0.1,3,0.788,3.532400793650794,1.0,0.0,0.0,0.0,1.0,3.8301198412698403,1.0842823521481968,1.0,0.0,0.000–0.000,0.0,-5.279691211299621,0.1,feasible,5/5,0.07816571104632328,0.07208981211532232,0.07585814706835114,0.0,0.0,0.07171072238419177,1.0,1.0900142746791583
mnist,random,0,0.1,5,0.788,8.358745238095239,1.0,0.0,0.0,0.0,1.0,9.51245,1.138023678081097,1.0,0.0,0.000–0.000,0.0,-5.144199681048892,0.1,feasible,5/5,0.19413163265306121,0.17058663751214773,0.18451632653061223,0.0,0.0,0.16807547781017174,1.0,1.1550265106032773
tabular-adult,greedy_entropy,0,0.25,2,0.758,2.382047911547912,0.81,0.0,0.19,0.0,1.0,5.527104422604423,2.320316226978314,0.9797235872235872,0.01,0.000–0.050,0.01,-4.548957599756352,0.1,feasible,5/5,0.3947931730431731,0.1701462793962794,0.16718769743769749,0.0,0.02027641277641279,0.19760617760617769,1.0,1.9978786990656856
tabular-adult,random,0,0.25,3,0.758,3.461348894348895,0.02,0.0,0.98,0.0,1.0,13.869760442260443,4.007039124228315,0.8599287469287469,0.02,0.000–0.050,0.0,-4.651632777713875,0.1,unresolved,2/5,0.9906971744471745,0.2472392067392068,0.25896296946296943,0.0,0.14007125307125312,0.8556282906282904,0.2,1.157859300935109
tabular-MiniBooNE,greedy_entropy,0,0.15,3,0.747,3.0741935759439603,0.02,0.0,0.98,0.0,1.0,49.49444259354177,16.099975935426915,0.9569383222279171,0.03,0.000–0.100,0.01,-5.087379800117997,0.1,feasible,2/5,0.9898888518708354,0.061483871518879206,0.3042012643089015,0.0,0.04306167777208292,0.7448715188792073,0.4,1.3289390542952972
tabular-MiniBooNE,random,0,0.15,4,0.778,7.976764906885356,0.1,0.0,0.9,0.0,1.0,46.903256876815306,5.87998485906605,0.9722313343584484,0.01,0.000–0.050,0.0,-6.002728552286297,0.1,feasible,5/5,0.9380651375363062,0.15953529813770712,0.2681324363574235,0.0,0.02776866564155156,0.2303054843669913,1.0,4.073134168361798
