dataset,policy,seed,T,alpha,deployed_cost_over_T,oracle_safe_cost_over_T,oracle_safe_over_full,oracle_safe_feasible_rate,safe_mondrian_cost_over_T,cascade_over_safe_oracle,cascade_over_safe_oracle_feasible,label,label_note,k_star,n_k_cal,r_cal_at_oracle,n_needed,n_needed_range,n_splits_finite,n_needed_over_n_k
csv-diabetes,greedy_entropy,0,45,0.15,0.15367715289511083,0.15367715289511083,0.15367715289511083,1.0,0.15367715289511083,1.0,1.0,near-oracle,,0,8285.5,0.09866634481926256,259.97934703250604,233–289,5/5,0.031377629235713723
csv-diabetes,random,0,45,0.15,0.25377308445302654,0.22889934829833455,0.22889934829833455,1.0,0.22889934829833455,1.1086666971295738,1.1086666971295738,near-oracle,,0,8285.5,0.14646068432804296,40535.29548559224,18572–60585,5/5,4.8923173599169925
csv-physionet,greedy_entropy,0,41,0.2,0.0,0.0,0.0,1.0,0.0,,,near-oracle,,0,1080.0,0.14074074074074075,254.9365006966721,205–325,5/5,0.2360523154598816
csv-physionet,random,0,41,0.2,0.0,0.0,0.0,1.0,0.0,,,near-oracle,,0,1080.0,0.14074074074074075,254.9365006966721,205–325,5/5,0.2360523154598816
cube,greedy_entropy,0,20,0.15,0.34946097222222233,0.27459722222222227,0.27459722222222227,1.0,0.19197222222222224,1.2726311263972485,1.2726311263972485,near-oracle,,2,774.0,0.08979328165374677,170.73444273091727,135–209,5/5,0.22058713531126262
cube,random,0,20,0.15,0.5753559722222221,0.5182888888888889,0.5182888888888889,1.0,0.48806111111111106,1.1101067079706726,1.1101067079706726,near-oracle,,3,344.5,0.10595065312046444,297.83684373455384,215–418,5/5,0.8645481675894161
fashionmnist,greedy_entropy,0,49,0.15,0.3623509880142533,0.20097116942014906,0.20097116942014906,1.0,0.1325643019112407,1.8029998484843597,1.8029998484843597,sample-limited,n_needed inf in 3/5 splits (r_cal(lambda*) >= alpha or no feasible draw),3,1535.5,0.14360143275805926,inf,2601–inf,2/5,inf
fashionmnist,random,0,49,0.15,0.5680543083900227,0.2699701976028507,0.2699701976028507,1.0,0.18479041140265623,2.1041370989611203,2.1041370989611203,sample-limited,n_needed inf in 2/5 splits (r_cal(lambda*) >= alpha or no feasible draw),4,1389.5,0.12990284274919037,91161.32654114626,1819–inf,3/5,65.60728790294802
image-imagenette,greedy_entropy,0,49,0.1,0.8469118580654991,0.1995598405268371,0.1995598405268371,1.0,0.15853697762804833,4.243899252623451,4.243899252623451,sample-limited,n_needed inf in 3/5 splits (r_cal(lambda*) >= alpha or no feasible draw),2,240.0,0.10208333333333333,inf,635–inf,2/5,inf
image-imagenette,random,0,49,0.1,0.584669414841839,0.1735074784787411,0.1735074784787411,1.0,0.14555735193289257,3.3697072885159542,3.3697072885159542,sample-limited,,3,269.0,0.07063197026022305,3199.8295736709083,567–281715,5/5,11.89527722554241
mnist,greedy_entropy,0,49,0.1,0.07939292193067703,0.07147619047619048,0.07147619047619048,1.0,0.06975607385811468,1.110760400096081,1.110760400096081,near-oracle,n_needed inf in 1/5 splits (r_cal(lambda*) >= alpha or no feasible draw),3,1682.0,0.09453032104637336,17728.473639230517,8346–inf,4/5,10.540115124393886
mnist,random,0,49,0.1,0.18164191771946875,0.1695390346614837,0.1695390346614837,1.0,0.16386686103012632,1.071386999944589,1.071386999944589,near-oracle,,4,1278.0,0.0880281690140845,3625.297872584471,958–9148,5/5,2.8366963009268162
tabular-adult,greedy_entropy,0,14,0.25,0.1701462793962794,0.03403474903474903,0.03403474903474903,1.0,0.03403474903474903,4.999193007786316,4.999193007786316,sample-limited,n_needed inf in 2/5 splits (r_cal(lambda*) >= alpha or no feasible draw),0,4070.0,0.25294840294840293,2975813.204723604,373–inf,3/5,731.1580355586251
tabular-adult,random,0,14,0.25,0.2472392067392068,0.04914355914355913,0.04914355914355913,1.0,0.04914355914355913,5.030958502964076,5.030958502964076,sample-limited,n_needed inf in 2/5 splits (r_cal(lambda*) >= alpha or no feasible draw),0,4070.0,0.25294840294840293,2975813.204723604,271–inf,3/5,731.1580355586251
tabular-MiniBooNE,greedy_entropy,0,50,0.15,0.061398086451392435,0.061398086451392435,0.061398086451392435,1.0,0.061398086451392435,1.0,1.0,near-oracle,,0,11705.5,0.12887104352654735,2242.307414451002,1643–3126,5/5,0.19156015671701354
tabular-MiniBooNE,random,0,50,0.15,0.15678384589099606,0.142265675721852,0.142265675721852,1.0,0.142265675721852,1.1020497045086894,1.1020497045086894,near-oracle,n_needed inf in 1/5 splits (r_cal(lambda*) >= alpha or no feasible draw),0,11705.5,0.14672589808209816,90998.40587949922,32700–inf,4/5,7.773987089786785
