dataset,policy,n_seeds,seeds,tier1_mean,tier1_sd,tier2_mean,tier2_sd,tier3_mean,tier3_sd,none_mean,none_sd,certified_deployment_mean,certified_deployment_sd,deployed_cost_mean,deployed_cost_sd,cost_premium_mean,cost_premium_sd,answered_fraction_mean,answered_fraction_sd,test_stratum_violation_mean,test_stratum_violation_sd,certified_violation_mean,certified_violation_sd,max_excess_se_mean,max_excess_se_sd,deployed_cost_over_T_mean,deployed_cost_over_T_sd,marginal_cost_over_T_mean,marginal_cost_over_T_sd,mondrian_cost_over_T_mean,mondrian_cost_over_T_sd,tier2_would_certify_mean,tier2_would_certify_sd,escalated_fraction_mean,escalated_fraction_sd,oracle_safe_cost_over_T_mean,oracle_safe_cost_over_T_sd,oracle_safe_feasible_rate_mean,oracle_safe_feasible_rate_sd,cascade_over_safe_oracle_mean,cascade_over_safe_oracle_sd
csv-diabetes,greedy_entropy,3,0 1 2,0.3333333333333333,0.5773502691896258,0.0,0.0,0.6666666666666666,0.5773502691896258,0.0,0.0,1.0,0.0,32.45409928393274,21.73013746694326,4.671511589623534,3.1796223091388693,0.905732963231153,0.08163780875781428,0.0,0.0,0.0,0.0,-13.410791609257714,16.14965265259769,0.7212022063096164,0.48289194370985017,0.15698509757645643,0.005734406394298507,0.2294731854712546,0.057150128773803814,0.0,0.0,0.09426703676884689,0.08163780875781429,0.7212022063096164,0.48289194370985017,0.3333333333333333,0.5773502691896258,1.0,0.0
csv-diabetes,random,3,0 1 2,0.6033333333333334,0.37287173844813354,0.0,0.0,0.39666666666666667,0.3728717384481336,0.0,0.0,1.0,0.0,25.36682717837316,16.293196599384952,3.66971060367514,2.4258619041588045,0.9931255531418457,0.006772563942135948,0.013333333333333334,0.015275252316519466,0.0,0.0,-6.257707031790729,5.182187247698676,0.5637072706305147,0.3620710355418878,0.15869016010942155,0.014022294941012953,0.18343756090147592,0.018788783968988684,0.0,0.0,0.006874446858154304,0.006772563942135948,0.20197620260859464,0.06479708668258603,1.0,0.0,2.75010789068029,1.5678074287828336
csv-physionet,greedy_entropy,3,0 1 2,1.0,0.0,0.0,0.0,0.0,0.0,0.0,0.0,1.0,0.0,0.0,0.0,,,1.0,0.0,0.0,0.0,0.0,0.0,-11.627553482998906,0.23285665595430427,0.0,0.0,0.0,0.0,0.0,0.0,0.0,0.0,0.0,0.0,0.0,0.0,1.0,0.0,,
csv-physionet,random,3,0 1 2,1.0,0.0,0.0,0.0,0.0,0.0,0.0,0.0,1.0,0.0,0.0,0.0,,,1.0,0.0,0.0,0.0,0.0,0.0,-11.627553482998906,0.23285665595430427,0.0,0.0,0.0,0.0,0.0,0.0,0.0,0.0,0.0,0.0,0.0,0.0,1.0,0.0,,
cube,greedy_entropy,3,0 1 2,1.0,0.0,0.0,0.0,0.0,0.0,0.0,0.0,1.0,0.0,4.994816666666668,0.39018926345998345,1.524287157101338,0.09902673022444339,1.0,0.0,0.01,0.01,0.0,0.0,-3.423957237764393,0.27378681090865814,0.24974083333333338,0.019509463172999158,0.16389449074074075,0.008626788108990374,0.19228069444444443,0.006797859762988129,0.0,0.0,0.0,0.0,0.20048703703703705,0.012570275397129177,1.0,0.0,1.2448672841124468,0.019417320599582757
cube,random,3,0 1 2,1.0,0.0,0.0,0.0,0.0,0.0,0.0,0.0,1.0,0.0,9.765823148148149,0.10535131103664488,1.1196665815003168,0.013299921313359919,1.0,0.0,0.03333333333333333,0.05773502691896258,0.0,0.0,-3.0661703316311715,0.9531076949947407,0.48829115740740736,0.005267565551832248,0.4361106481481481,0.0019472831329301595,0.4657386574074074,0.002220810143081848,0.0,0.0,0.0,0.0,0.4500555555555556,0.008426464777234603,1.0,0.0,1.0853436461874548,0.03139850730110796
fashionmnist,greedy_entropy,3,0 1 2,1.0,0.0,0.0,0.0,0.0,0.0,0.0,0.0,1.0,0.0,6.543966931216931,1.4060885008689787,1.7147600731302939,0.38861096621821734,1.0,0.0,0.006666666666666667,0.011547005383792516,0.0,0.0,-3.6093510125330845,0.31154545134519646,0.1335503455350394,0.02869568369120366,0.07812287010042113,0.0034705143474241303,0.10394747867400929,0.010269968497944773,0.0,0.0,0.0,0.0,0.10850599287333983,0.015662896866913443,1.0,0.0,1.2230232464395876,0.08778622263069347
fashionmnist,random,3,0 1 2,1.0,0.0,0.0,0.0,0.0,0.0,0.0,0.0,1.0,0.0,9.27355,0.8692556236747184,1.666777438493746,0.16243402341718227,1.0,0.0,0.03,0.04358898943540674,0.0033333333333333335,0.005773502691896258,-3.240470926524958,0.4751596772979217,0.1892561224489796,0.017739910687239156,0.11358052586113809,0.001095625034506424,0.14907824209048695,0.004847869838670254,0.0,0.0,0.0,0.0,0.15897181729834794,0.011027293103541938,1.0,0.0,1.1891506958895508,0.029932997961621514
image-imagenette,greedy_entropy,3,0 1 2,1.0,0.0,0.0,0.0,0.0,0.0,0.0,0.0,1.0,0.0,8.45636250518457,0.8759345348532637,1.363786252203167,0.2469719783932901,1.0,0.0,0.04666666666666667,0.07234178138070237,0.01,0.01732050807568877,-2.8859498467547637,0.6681912173050907,0.1725788266364198,0.017876214997005375,0.1277350409263664,0.010153961606489376,0.15136768270145054,0.004991016635446465,0.0,0.0,0.0,0.0,0.13563062719903393,0.0020379467236092785,1.0,0.0,1.2739239902018522,0.15039385249666534
image-imagenette,random,3,0 1 2,1.0,0.0,0.0,0.0,0.0,0.0,0.0,0.0,1.0,0.0,7.591265035255081,0.27960794643617043,1.4312978207837077,0.05741182604652375,1.0,0.0,0.02333333333333333,0.03214550253664318,0.0,0.0,-2.5666953324184605,0.2767556129568628,0.15492377622969553,0.005706284621146327,0.10828439380729482,0.0034613494312762706,0.13457822282791176,0.005387802921676019,0.0,0.0,0.0,0.0,0.12031702768208075,0.009212436214484693,1.0,0.0,1.2904112036505964,0.05624900260797697
mnist,greedy_entropy,3,0 1 2,1.0,0.0,0.0,0.0,0.0,0.0,0.0,0.0,1.0,0.0,3.466392857142857,0.2077654170250421,1.1191652238617393,0.027025207906020886,1.0,0.0,0.01,0.01,0.0,0.0,-3.1623164021684906,0.37510217943458574,0.07074271137026239,0.004240110551531476,0.06317458157866322,0.002265655904352101,0.06582250836842675,0.0027869577881733673,0.0,0.0,0.0,0.0,0.06745653817082388,0.004965167523248712,1.0,0.0,1.0494539829750293,0.017306808056651822
mnist,random,3,0 1 2,1.0,0.0,0.0,0.0,0.0,0.0,0.0,0.0,1.0,0.0,7.573841798941797,0.0909713476592719,1.0953218265014797,0.0032849351258569266,1.0,0.0,0.01,0.01,0.0,0.0,-3.2301974350722786,0.10668643283412405,0.15456819997840401,0.0018565581154953532,0.1411196685023216,0.001985682628243603,0.1491667098585466,0.0016863202287738686,0.0,0.0,0.0,0.0,0.1439809955728323,0.001909773182530158,1.0,0.0,1.07354410300488,0.0015576365828245294
tabular-MiniBooNE,greedy_entropy,3,0 1 2,1.0,0.0,0.0,0.0,0.0,0.0,0.0,0.0,1.0,0.0,7.485667891109974,1.1000757009753148,2.752040186116073,0.3490136770570496,1.0,0.0,0.03,0.03,0.0,0.0,-3.112345150243215,0.8010165990098522,0.1497133578221995,0.022001514019506292,0.05452685232644228,0.006471049426754367,0.09366831824135773,0.02025701671750914,0.0,0.0,0.0,0.0,0.12241443134574863,0.020854143618051667,1.0,0.0,1.2267321354428085,0.035515160540748485
tabular-MiniBooNE,random,3,0 1 2,1.0,0.0,0.0,0.0,0.0,0.0,0.0,0.0,1.0,0.0,6.472267782903355,0.37061715283582125,1.4055714685981915,0.21970282766047142,1.0,0.0,0.0,0.0,0.0,0.0,-4.257765571048787,0.7110985124702929,0.1294453556580671,0.00741234305671643,0.09309271883364656,0.009700544511732703,0.10369688478842759,0.0015183146215767837,0.0,0.0,0.0,0.0,0.10535081724471779,0.008297051001468849,1.0,0.0,1.2312592287000264,0.07205979115034669
tabular-adult,greedy_entropy,3,0 1 2,1.0,0.0,0.0,0.0,0.0,0.0,0.0,0.0,1.0,0.0,0.8963177723177721,1.5524679213813342,1.0101681022865305,,1.0,0.0,0.0033333333333333335,0.005773502691896258,0.0,0.0,-11.261140055778554,2.438515190282596,0.06402269802269801,0.11089056581295244,0.06337826137826137,0.10977436880252897,0.06337826137826137,0.10977436880252897,0.0,0.0,0.0,0.0,0.012888732888732886,0.022323940208469343,1.0,0.0,4.96733841684822,
tabular-adult,random,3,0 1 2,1.0,0.0,0.0,0.0,0.0,0.0,0.0,0.0,1.0,0.0,1.1122637182637183,1.9264972714482353,1.0102853044973845,,1.0,0.0,0.0033333333333333335,0.005773502691896258,0.0,0.0,-11.121722341275342,2.2053913566118153,0.07944740844740845,0.13760694796058826,0.07863858663858664,0.1362060274934391,0.07863858663858664,0.1362060274934391,0.0,0.0,0.0,0.0,0.016176436176436177,0.02801840934298269,1.0,0.0,4.911304788080428,
