dataset,policy,seed,k,n_k,alpha,rmin_thr,rmin_depth,r_full,p_thr,p_depth,verdict,all_verdicts
csv-diabetes,greedy_entropy,0,0,16571,0.15,0.09528694707621749,0.0936575945929636,0.09528694707621749,1.0,1.0,feasible,0:feasible
csv-diabetes,random,0,0,16571,0.15,0.09528694707621749,0.09528694707621749,0.09528694707621749,1.0,1.0,feasible,0:feasible
csv-diabetes,greedy_entropy,1,0,16571,0.15,0.09727837788908333,0.09649387484159073,0.09727837788908333,1.0,1.0,feasible,0:feasible
csv-diabetes,random,1,0,16571,0.15,0.09727837788908333,0.09727837788908333,0.09727837788908333,1.0,1.0,feasible,0:feasible
csv-diabetes,greedy_entropy,2,0,16571,0.15,0.09395932653430693,0.0935369018164263,0.09450244402872487,1.0,1.0,feasible,0:feasible
csv-diabetes,random,2,0,16571,0.15,0.09450244402872487,0.09450244402872487,0.09450244402872487,1.0,1.0,feasible,0:feasible
csv-physionet,greedy_entropy,0,0,2160,0.2,0.12638888888888888,0.12638888888888888,0.12638888888888888,1.0,1.0,feasible,0:feasible
csv-physionet,random,0,0,2160,0.2,0.1259259259259259,0.12638888888888888,0.12638888888888888,1.0,1.0,feasible,0:feasible
csv-physionet,greedy_entropy,1,0,2160,0.2,0.13148148148148148,0.125,0.13148148148148148,1.0,1.0,feasible,0:feasible
csv-physionet,random,1,0,2160,0.2,0.1300925925925926,0.1287037037037037,0.13148148148148148,1.0,1.0,feasible,0:feasible
csv-physionet,greedy_entropy,2,0,2160,0.2,0.11990740740740741,0.11990740740740741,0.11990740740740741,1.0,1.0,feasible,0:feasible
csv-physionet,random,2,0,2160,0.2,0.11990740740740741,0.11944444444444445,0.11990740740740741,1.0,1.0,feasible,0:feasible
cube,greedy_entropy,0,1,1862,0.15,0.059613319011815255,0.059613319011815255,0.059613319011815255,1.0,1.0,feasible,0:feasible 1:feasible
cube,random,0,3,707,0.15,0.05374823196605375,0.05374823196605375,0.05374823196605375,0.9999999999999998,0.9999999999999998,feasible,0:feasible 1:feasible 2:feasible 3:feasible
cube,greedy_entropy,1,1,2382,0.15,0.04953820319059614,0.04953820319059614,0.04953820319059614,1.0,1.0,feasible,0:feasible 1:feasible
cube,random,1,3,677,0.15,0.050221565731166914,0.050221565731166914,0.050221565731166914,1.0,1.0,feasible,0:feasible 1:feasible 2:feasible 3:feasible
cube,greedy_entropy,2,1,1559,0.15,0.05452212957023733,0.05452212957023733,0.05452212957023733,1.0,1.0,feasible,0:feasible 1:feasible
cube,random,2,3,933,0.15,0.06752411575562701,0.06752411575562701,0.06752411575562701,0.9999999999999976,0.9999999999999976,feasible,0:feasible 1:feasible 2:feasible 3:feasible
fashionmnist,greedy_entropy,0,2,3111,0.15,0.10318225650916105,0.1018964963034394,0.10318225650916105,0.9999999999999932,0.9999999999999989,feasible,0:feasible 1:feasible 2:feasible
fashionmnist,random,0,3,3894,0.15,0.0847457627118644,0.08217770929635336,0.0847457627118644,1.0,1.0,feasible,0:feasible 1:feasible 2:feasible 3:feasible
fashionmnist,greedy_entropy,1,2,4961,0.15,0.07276758718000403,0.07276758718000403,0.07276758718000403,1.0,1.0,feasible,0:feasible 1:feasible 2:feasible
fashionmnist,random,1,3,3679,0.15,0.08752378363685784,0.08752378363685784,0.08752378363685784,1.0,1.0,feasible,0:feasible 1:feasible 2:feasible 3:feasible
fashionmnist,greedy_entropy,2,2,3051,0.15,0.10914454277286136,0.10914454277286136,0.10914454277286136,0.9999999999810202,0.9999999999810202,feasible,0:feasible 1:feasible 2:feasible
fashionmnist,random,2,3,3986,0.15,0.08228800802809834,0.08253888610135474,0.08253888610135474,1.0,1.0,feasible,0:feasible 1:feasible 2:feasible 3:feasible
image-imagenette,greedy_entropy,0,2,811,0.1,0.04562268803945746,0.04562268803945746,0.04562268803945746,0.9999999962115207,0.9999999962115207,feasible,0:feasible 1:feasible 2:feasible
image-imagenette,random,0,2,482,0.1,0.04979253112033195,0.04979253112033195,0.04979253112033195,0.9999795199115311,0.9999795199115311,feasible,0:feasible 1:feasible 2:feasible
image-imagenette,greedy_entropy,1,3,482,0.1,0.058091286307053944,0.04979253112033195,0.058091286307053944,0.9996237527199054,0.9999795199115311,feasible,0:feasible 1:feasible 2:feasible 3:feasible
image-imagenette,random,1,2,847,0.1,0.04132231404958678,0.04014167650531287,0.04132231404958678,0.9999999999389426,0.9999999999774473,feasible,0:feasible 1:feasible 2:feasible
image-imagenette,greedy_entropy,2,3,525,0.1,0.04,0.0380952380952381,0.04,0.999999913896319,0.9999999701787158,feasible,0:feasible 1:feasible 2:feasible 3:feasible
image-imagenette,random,2,2,488,0.1,0.05327868852459016,0.05327868852459016,0.05327868852459016,0.9999313391420223,0.9999313391420223,feasible,0:feasible 1:feasible 2:feasible
mnist,greedy_entropy,0,2,2658,0.1,0.008276899924755455,0.007900677200902935,0.008276899924755455,1.0,1.0,feasible,0:feasible 1:feasible 2:feasible
mnist,random,0,4,2587,0.1,0.005798221878623889,0.005798221878623889,0.005798221878623889,1.0,1.0,feasible,0:feasible 1:feasible 2:feasible 3:feasible 4:feasible
mnist,greedy_entropy,1,2,2737,0.1,0.005845816587504567,0.005845816587504567,0.005845816587504567,1.0,1.0,feasible,0:feasible 1:feasible 2:feasible
mnist,random,1,4,2433,0.1,0.007809288943690916,0.007809288943690916,0.007809288943690916,1.0,1.0,feasible,0:feasible 1:feasible 2:feasible 3:feasible 4:feasible
mnist,greedy_entropy,2,2,2905,0.1,0.0037865748709122204,0.0037865748709122204,0.0037865748709122204,1.0,1.0,feasible,0:feasible 1:feasible 2:feasible
mnist,random,2,4,2552,0.1,0.007053291536050157,0.007053291536050157,0.007053291536050157,1.0,1.0,feasible,0:feasible 1:feasible 2:feasible 3:feasible 4:feasible
tabular-adult,greedy_entropy,0,0,8140,0.25,0.14692874692874694,0.1466830466830467,0.14692874692874694,1.0,1.0,feasible,0:feasible
tabular-adult,random,0,0,8140,0.25,0.14692874692874694,0.14692874692874694,0.14692874692874694,1.0,1.0,feasible,0:feasible
tabular-adult,greedy_entropy,1,0,8140,0.25,0.15491400491400492,0.15491400491400492,0.15491400491400492,1.0,1.0,feasible,0:feasible
tabular-adult,random,1,0,8140,0.25,0.15491400491400492,0.15491400491400492,0.15491400491400492,1.0,1.0,feasible,0:feasible
tabular-adult,greedy_entropy,2,0,8140,0.2,0.149017199017199,0.14803439803439802,0.149017199017199,1.0,1.0,feasible,0:feasible
tabular-adult,random,2,0,8140,0.2,0.14889434889434888,0.149017199017199,0.149017199017199,1.0,1.0,feasible,0:feasible
tabular-MiniBooNE,greedy_entropy,0,0,23411,0.15,0.07539190978599804,0.07539190978599804,0.07539190978599804,1.0,1.0,feasible,0:feasible
tabular-MiniBooNE,random,0,0,23411,0.15,0.07543462474904959,0.07539190978599804,0.07539190978599804,1.0,1.0,feasible,0:feasible
tabular-MiniBooNE,greedy_entropy,1,0,23411,0.15,0.07915082653453505,0.07915082653453505,0.07915082653453505,1.0,1.0,feasible,0:feasible
tabular-MiniBooNE,random,1,0,23411,0.15,0.07915082653453505,0.07915082653453505,0.07915082653453505,1.0,1.0,feasible,0:feasible
tabular-MiniBooNE,greedy_entropy,2,0,23411,0.15,0.07624620904702917,0.07633163897313229,0.07633163897313229,1.0,1.0,feasible,0:feasible
tabular-MiniBooNE,random,2,0,23411,0.15,0.07633163897313229,0.07633163897313229,0.07633163897313229,1.0,1.0,feasible,0:feasible
