dataset,policy,seed,alpha,G,lambda_ref,marginal_cost,tier1,tier2,tier3,none,certified_deployment,deployed_cost,cost_premium,answered_fraction,test_stratum_violation,delta,deepest_verdict
csv-diabetes,greedy_entropy,0,0.15,2,0.798,54.49777981925571,0.0,0.0,1.0,0.0,1.0,406.13137256186747,7.452255374600949,0.8219834660873764,0.0,0.1,type_II
csv-diabetes,random,0,0.15,4,0.828,102.49198258770201,0.0,0.0,1.0,0.0,1.0,406.13137256186747,3.9625672399725738,0.8903210234129854,0.01,0.1,type_II
csv-physionet,greedy_entropy,0,0.2,1,0.0,0.0,1.0,0.0,0.0,0.0,1.0,0.0,,1.0,0.0,0.1,feasible
csv-physionet,random,0,0.2,1,0.0,0.0,1.0,0.0,0.0,0.0,1.0,0.0,,1.0,0.0,0.1,feasible
cube,greedy_entropy,0,0.15,3,0.798,11.241561633267002,1.0,0.0,0.0,0.0,1.0,21.240257147636306,1.8894400831980762,1.0,0.0,0.1,feasible
cube,random,0,0.15,4,0.707,63.75317877527809,1.0,0.0,0.0,0.0,1.0,73.63215829912627,1.1549566580620292,1.0,0.0,0.1,feasible
tabular-adult,greedy_entropy,0,0.25,2,0.758,18.584846112194015,1.0,0.0,0.0,0.0,1.0,21.75317265859695,1.1704790304571913,1.0,0.0,0.1,feasible
tabular-adult,random,0,0.25,3,0.758,23.739793358342496,0.0,0.0,1.0,0.0,1.0,95.27796275593288,4.013428479252153,0.8973943488943489,0.0,0.1,unresolved
tabular-MiniBooNE,greedy_entropy,0,0.15,3,0.747,14.420590468715597,0.04,0.0,0.96,0.0,1.0,331.56576005451257,22.992523140700786,0.9729779600205023,0.11,0.1,feasible
tabular-MiniBooNE,random,0,0.15,4,0.778,52.129632582841275,0.73,0.0,0.27,0.0,1.0,187.48841281993063,3.596580361888899,0.9956381342901076,0.12,0.1,feasible
