dataset,policy,seed,baseline,mean_test_risk,mean_test_cost,stratum_violation_rate,aggregate_violation_rate,stratum_certified_violation_rate
mnist,greedy_entropy,0,budget_0.25,0.02703174603174603,12.0,0.0,0.0,0.0
mnist,greedy_entropy,0,budget_0.5,0.015650793650793648,24.0,0.0,0.0,0.0
mnist,greedy_entropy,0,budget_0.75,0.010238095238095237,37.0,0.0,0.0,0.0
mnist,greedy_entropy,0,fixed_conf_0.9,0.0455873015873016,4.608333333333333,0.0,0.0,0.0
mnist,greedy_entropy,0,fixed_conf_0.95,0.026015873015873017,5.956841269841273,0.0,0.0,0.0
mnist,greedy_entropy,0,fixed_conf_0.99,0.010968253968253967,10.330825396825398,0.0,0.0,0.0
mnist,greedy_entropy,0,full_acquisition,0.005539682539682538,49.0,0.0,0.0,0.0
mnist,greedy_entropy,0,mondrian_oracle,0.0809873015873016,3.668095238095238,0.0,0.0,0.0
mnist,greedy_entropy,0,oracle_cheapest_valid,0.0983174603174603,3.406174603174603,1.0,0.0,1.0
mnist,greedy_entropy,0,plugin,0.09765079365079364,3.4152619047619055,0.97,0.19,0.85
