dataset,policy,lambda_ref,stratum,eval_n,marg_risk_mean,marg_risk_sd,mond_cert_rate,mond_abstain_rate,jointmond_cert_rate,jointmond_abstain_rate,R_full,R_full_lcb95,R_full_ucb95,verdict
mnist,eps_greedy_eps0.25,0.5,0,5274,0.15569366,0.0062668949109108245,1.0,0.0,1.0,0.0,0.078309,0.072303,0.084663,feasible
mnist,eps_greedy_eps0.25,0.5,1,2635,0.15454885000000002,0.00884384633332692,1.0,0.0,1.0,0.0,0.074004,0.06578,0.082938,feasible
mnist,eps_greedy_eps0.25,0.5,2,7069,0.13757681,0.006238221415908544,1.0,0.0,1.0,0.0,0.071722,0.066734,0.076972,feasible
mnist,eps_greedy_eps0.25,0.5,3,4871,0.12991818000000002,0.00721082259576534,1.0,0.0,1.0,0.0,0.077807,0.07158,0.084413,feasible
mnist,eps_greedy_eps0.25,0.5,4,5351,0.1407333,0.006266988448210192,1.0,0.0,0.99,0.01,0.123155,0.115825,0.13079,feasible
mnist,eps_greedy_eps0.25,0.7,0,4119,0.13973333,0.006307005083325999,1.0,0.0,1.0,0.0,0.061908,0.055842,0.06844,feasible
mnist,eps_greedy_eps0.25,0.7,1,5868,0.14648782000000002,0.006887350000370245,1.0,0.0,1.0,0.0,0.059305,0.054311,0.064626,feasible
mnist,eps_greedy_eps0.25,0.7,2,5429,0.1253196,0.0073516699205010555,1.0,0.0,1.0,0.0,0.064469,0.059068,0.070219,feasible
mnist,eps_greedy_eps0.25,0.7,3,4358,0.11568844,0.0070514912271377045,1.0,0.0,1.0,0.0,0.074575,0.068128,0.08145,feasible
mnist,eps_greedy_eps0.25,0.7,4,5426,0.17818079999999994,0.006436346581718547,0.0,1.0,0.0,1.0,0.161261,0.153092,0.1697,infeasible
mnist,eps_greedy_eps0.25,0.9,0,4739,0.07861831000000001,0.0038293064089858363,1.0,0.0,1.0,0.0,0.039671,0.035113,0.044655,feasible
mnist,eps_greedy_eps0.25,0.9,1,5551,0.07686168,0.0034875417356069016,1.0,0.0,1.0,0.0,0.033868,0.029967,0.038138,feasible
mnist,eps_greedy_eps0.25,0.9,2,5281,0.08761452000000002,0.0051206433159906774,1.0,0.0,1.0,0.0,0.039576,0.035258,0.044276,feasible
mnist,eps_greedy_eps0.25,0.9,3,3934,0.10849613,0.009334684420648618,1.0,0.0,1.0,0.0,0.032028,0.027544,0.037039,feasible
mnist,eps_greedy_eps0.25,0.9,4,5695,0.333643,0.012015843529274171,0.0,1.0,0.0,1.0,0.253205,0.243734,0.262863,infeasible
mnist,eps_greedy_eps0.5,0.5,0,4999,0.15467061,0.006742852479322086,1.0,0.0,1.0,0.0,0.074215,0.068202,0.080599,feasible
mnist,eps_greedy_eps0.5,0.5,1,4587,0.13965239000000002,0.006715926564361764,1.0,0.0,1.0,0.0,0.066274,0.06033,0.072632,feasible
mnist,eps_greedy_eps0.5,0.5,2,4349,0.1424546,0.006866123692448309,1.0,0.0,1.0,0.0,0.07588,0.069372,0.082813,feasible
mnist,eps_greedy_eps0.5,0.5,3,5053,0.12357633,0.006456631257947134,1.0,0.0,1.0,0.0,0.075797,0.069756,0.082203,feasible
mnist,eps_greedy_eps0.5,0.5,4,6212,0.14738368999999998,0.005667412680747715,1.0,0.0,0.99,0.01,0.123149,0.116342,0.130218,feasible
mnist,eps_greedy_eps0.5,0.7,0,4652,0.14246988,0.007008868015992311,1.0,0.0,1.0,0.0,0.05761,0.05209,0.063545,feasible
mnist,eps_greedy_eps0.5,0.7,1,4288,0.13793282999999998,0.007060373463287903,1.0,0.0,1.0,0.0,0.057836,0.05208,0.064043,feasible
mnist,eps_greedy_eps0.5,0.7,2,5425,0.12829664999999998,0.0066815951933277135,1.0,0.0,1.0,0.0,0.060645,0.055399,0.066245,feasible
mnist,eps_greedy_eps0.5,0.7,3,5813,0.11850613999999998,0.005731666073699689,1.0,0.0,1.0,0.0,0.0738,0.068233,0.079687,feasible
mnist,eps_greedy_eps0.5,0.7,4,5022,0.18610488000000003,0.006532689517005994,0.0,1.0,0.0,1.0,0.17503,0.166252,0.184089,infeasible
mnist,eps_greedy_eps0.5,0.9,0,4779,0.06728183,0.003714544281752473,1.0,0.0,1.0,0.0,0.031387,0.027348,0.035859,feasible
mnist,eps_greedy_eps0.5,0.9,1,5362,0.05957101999999999,0.0036871757294167575,1.0,0.0,1.0,0.0,0.02555,0.022105,0.029386,feasible
mnist,eps_greedy_eps0.5,0.9,2,4874,0.06777177999999999,0.0045427930165923254,1.0,0.0,1.0,0.0,0.030776,0.026814,0.035162,feasible
mnist,eps_greedy_eps0.5,0.9,3,4174,0.11917507000000001,0.008194134767325957,1.0,0.0,1.0,0.0,0.031864,0.027517,0.036706,feasible
mnist,eps_greedy_eps0.5,0.9,4,6011,0.35019128999999993,0.01028271495792332,0.0,1.0,0.0,1.0,0.263351,0.254009,0.272862,infeasible
mnist,greedy_entropy,0.5,0,4304,0.14695906,0.0063632387489705265,1.0,0.0,1.0,0.0,0.071329,0.064977,0.078116,feasible
mnist,greedy_entropy,0.5,1,3160,0.16660007,0.007943426048318197,1.0,0.0,1.0,0.0,0.084494,0.076485,0.093078,feasible
mnist,greedy_entropy,0.5,2,5393,0.14565438,0.007176209929733104,1.0,0.0,1.0,0.0,0.070647,0.064988,0.076653,feasible
mnist,greedy_entropy,0.5,3,5903,0.12424484999999999,0.0054038515178990625,1.0,0.0,1.0,0.0,0.076063,0.070459,0.08198,feasible
mnist,greedy_entropy,0.5,4,6440,0.13758763,0.005350295546331997,1.0,0.0,1.0,0.0,0.116304,0.109785,0.123082,feasible
mnist,greedy_entropy,0.7,0,4222,0.13884912,0.005099113599989708,1.0,0.0,1.0,0.0,0.066082,0.059899,0.072715,feasible
mnist,greedy_entropy,0.7,1,6238,0.15243652999999996,0.0073301461301327414,1.0,0.0,1.0,0.0,0.063161,0.058167,0.068461,feasible
mnist,greedy_entropy,0.7,2,4076,0.13172057000000004,0.006917426633156293,1.0,0.0,1.0,0.0,0.069921,0.063459,0.076846,feasible
mnist,greedy_entropy,0.7,3,5288,0.1195888,0.005968859696793015,1.0,0.0,1.0,0.0,0.078669,0.072658,0.085027,feasible
mnist,greedy_entropy,0.7,4,5376,0.15948433,0.005945566380177756,0.08,0.92,0.01,0.99,0.144903,0.137057,0.153036,undetermined
mnist,greedy_entropy,0.9,0,4906,0.09194439999999998,0.003853789480498384,1.0,0.0,1.0,0.0,0.044435,0.039697,0.049582,feasible
mnist,greedy_entropy,0.9,1,5152,0.11286680000000002,0.004455195483926603,1.0,0.0,1.0,0.0,0.045031,0.040374,0.050075,feasible
mnist,greedy_entropy,0.9,2,5490,0.09516937,0.004488092317800515,1.0,0.0,1.0,0.0,0.039162,0.034947,0.043745,feasible
mnist,greedy_entropy,0.9,3,4173,0.08713430999999999,0.00898429911534005,1.0,0.0,1.0,0.0,0.031153,0.026854,0.035947,feasible
mnist,greedy_entropy,0.9,4,5479,0.30053916,0.010421730201574017,0.0,1.0,0.0,1.0,0.247855,0.23827,0.257639,infeasible
mnist,greedy_entropy,0.5,0,3145,0.18008947,0.007932183820934812,1.0,0.0,1.0,0.0,0.097297,0.088726,0.106429,feasible
mnist,greedy_entropy,0.5,1,6540,0.17428551999999997,0.007208294196937305,1.0,0.0,1.0,0.0,0.099847,0.093806,0.106154,feasible
mnist,greedy_entropy,0.5,2,2846,0.1729202,0.008323294266094405,1.0,0.0,1.0,0.0,0.100141,0.091017,0.109879,feasible
mnist,greedy_entropy,0.5,3,4578,0.18651146000000002,0.00856709840076557,1.0,0.0,1.0,0.0,0.107252,0.099807,0.11507,feasible
mnist,greedy_entropy,0.5,4,8091,0.21739578,0.006802575111794063,1.0,0.0,1.0,0.0,0.168088,0.161277,0.175076,feasible
mnist,greedy_entropy,0.7,0,3692,0.15601192,0.007033056657926196,1.0,0.0,1.0,0.0,0.086674,0.079166,0.094671,feasible
mnist,greedy_entropy,0.7,1,3515,0.18458487,0.007022486064998634,1.0,0.0,1.0,0.0,0.104979,0.096578,0.11387,feasible
mnist,greedy_entropy,0.7,2,5956,0.17277663999999998,0.009353848529370145,1.0,0.0,1.0,0.0,0.074715,0.069182,0.080558,feasible
mnist,greedy_entropy,0.7,3,4542,0.17661391,0.007832949821229547,1.0,0.0,1.0,0.0,0.108983,0.101455,0.116885,feasible
mnist,greedy_entropy,0.7,4,7495,0.23417631000000003,0.005857034937056463,0.04,0.96,0.0,1.0,0.195597,0.188082,0.203287,undetermined
mnist,greedy_entropy,0.9,0,3301,0.09805808,0.005522102164357338,1.0,0.0,1.0,0.0,0.059376,0.05275,0.066588,feasible
mnist,greedy_entropy,0.9,1,3875,0.10287048,0.005369389446631711,1.0,0.0,1.0,0.0,0.054452,0.048578,0.06083,feasible
mnist,greedy_entropy,0.9,2,5092,0.1315587,0.006155680640676546,1.0,0.0,1.0,0.0,0.05813,0.052827,0.063813,feasible
mnist,greedy_entropy,0.9,3,5134,0.16730267999999998,0.009306880734037588,1.0,0.0,1.0,0.0,0.06233,0.056868,0.068164,feasible
mnist,greedy_entropy,0.9,4,7798,0.32819575,0.010165459586634538,0.0,1.0,0.0,1.0,0.265709,0.257483,0.274065,infeasible
mnist,greedy_entropy,0.5,0,4098,0.18704063999999998,0.010879032672549522,1.0,0.0,1.0,0.0,0.091996,0.084665,0.099762,feasible
mnist,greedy_entropy,0.5,1,2960,0.12412440000000002,0.006200982444742123,1.0,0.0,1.0,0.0,0.0875,0.079093,0.096517,feasible
mnist,greedy_entropy,0.5,2,5887,0.11895486,0.004937002205833008,1.0,0.0,1.0,0.0,0.084763,0.07886,0.090973,feasible
mnist,greedy_entropy,0.5,3,6472,0.12464866000000002,0.0046886929164107125,1.0,0.0,1.0,0.0,0.103059,0.096899,0.109486,feasible
mnist,greedy_entropy,0.5,4,5783,0.14510564,0.004593871860468031,0.9,0.1,0.64,0.36,0.133149,0.125852,0.140721,feasible
mnist,greedy_entropy,0.7,0,3022,0.18727191,0.011119881035420297,1.0,0.0,1.0,0.0,0.088021,0.079676,0.096963,feasible
mnist,greedy_entropy,0.7,1,5459,0.12373280000000002,0.0066371728936347575,1.0,0.0,1.0,0.0,0.074739,0.068962,0.080855,feasible
mnist,greedy_entropy,0.7,2,5352,0.11071729000000001,0.004595055634690401,1.0,0.0,1.0,0.0,0.078849,0.072867,0.085174,feasible
mnist,greedy_entropy,0.7,3,5813,0.11764572,0.004762857841842438,1.0,0.0,1.0,0.0,0.098916,0.092539,0.105593,feasible
mnist,greedy_entropy,0.7,4,5554,0.17308828,0.005388117157375106,0.0,1.0,0.0,1.0,0.162225,0.154131,0.170583,infeasible
mnist,greedy_entropy,0.9,0,4400,0.14501863,0.007985570511434984,1.0,0.0,1.0,0.0,0.061364,0.055516,0.067648,feasible
mnist,greedy_entropy,0.9,1,6672,0.10714695,0.006084583225455955,1.0,0.0,1.0,0.0,0.063399,0.058559,0.068524,feasible
mnist,greedy_entropy,0.9,2,5047,0.09412112,0.004995751169303771,1.0,0.0,1.0,0.0,0.055677,0.05046,0.061278,feasible
mnist,greedy_entropy,0.9,3,3888,0.06623686999999999,0.005038824421737673,1.0,0.0,1.0,0.0,0.052984,0.047197,0.059275,feasible
mnist,greedy_entropy,0.9,4,5193,0.26830925000000005,0.005827010913624583,0.0,1.0,0.0,1.0,0.268053,0.257945,0.278355,infeasible
mnist,random,0.5,0,4022,0.14470109000000003,0.007501307492824168,1.0,0.0,1.0,0.0,0.062655,0.056483,0.069304,feasible
mnist,random,0.5,1,4584,0.12509906999999998,0.007225741302115653,1.0,0.0,1.0,0.0,0.057373,0.051825,0.063345,feasible
mnist,random,0.5,2,6200,0.13173904,0.005792882177154996,1.0,0.0,1.0,0.0,0.075323,0.069878,0.081066,feasible
mnist,random,0.5,3,4531,0.13696317,0.006371515560767313,1.0,0.0,1.0,0.0,0.08497,0.078246,0.092094,feasible
mnist,random,0.5,4,5863,0.16686954999999998,0.0056337947803855965,0.77,0.23,0.46,0.54,0.134061,0.126792,0.1416,feasible
mnist,random,0.7,0,4893,0.12480320999999997,0.006752303549596983,1.0,0.0,1.0,0.0,0.038013,0.03362,0.042822,feasible
mnist,random,0.7,1,4212,0.11637651,0.006927143832049397,1.0,0.0,1.0,0.0,0.046771,0.041535,0.052479,feasible
mnist,random,0.7,2,5976,0.11961908999999998,0.005973804436194743,1.0,0.0,1.0,0.0,0.05405,0.049317,0.059108,feasible
mnist,random,0.7,3,4613,0.12090975999999999,0.0062578137510156066,1.0,0.0,1.0,0.0,0.072621,0.066429,0.079217,feasible
mnist,random,0.7,4,5506,0.2174123,0.006120032025243006,0.0,1.0,0.0,1.0,0.201961,0.19309,0.211068,infeasible
mnist,random,0.9,0,4410,0.03371510999999999,0.0024757269917945316,1.0,0.0,1.0,0.0,0.015193,0.012291,0.018587,feasible
mnist,random,0.9,1,5789,0.04117191,0.0032676011448614715,1.0,0.0,1.0,0.0,0.019174,0.016304,0.022412,feasible
mnist,random,0.9,2,4594,0.06659178,0.005073087467371325,1.0,0.0,1.0,0.0,0.019155,0.015949,0.022827,feasible
mnist,random,0.9,3,3333,0.12210778000000001,0.008595483283190073,1.0,0.0,1.0,0.0,0.026103,0.021721,0.031117,feasible
mnist,random,0.9,4,7074,0.34930413,0.009489831900149761,0.0,1.0,0.0,1.0,0.254453,0.24594,0.263116,infeasible
mnist,random,0.5,0,3217,0.17781648,0.00886331522567036,1.0,0.0,1.0,0.0,0.088903,0.080773,0.097591,feasible
mnist,random,0.5,1,4753,0.16228273000000001,0.0077915358727981224,1.0,0.0,1.0,0.0,0.081422,0.074984,0.088245,feasible
mnist,random,0.5,2,4515,0.17410089999999998,0.008309456932315133,1.0,0.0,1.0,0.0,0.094574,0.087495,0.102043,feasible
mnist,random,0.5,3,5963,0.19935385999999997,0.006718703199308627,1.0,0.0,1.0,0.0,0.125105,0.118111,0.132372,feasible
mnist,random,0.5,4,6752,0.22375799000000002,0.006230290297401879,0.76,0.24,0.34,0.66,0.184982,0.177237,0.192929,feasible
mnist,random,0.7,0,3614,0.15389404,0.008340604113515997,1.0,0.0,1.0,0.0,0.057277,0.051048,0.064044,feasible
mnist,random,0.7,1,3726,0.16669056999999998,0.009024282126856409,1.0,0.0,1.0,0.0,0.064681,0.058173,0.0717,feasible
mnist,random,0.7,2,5379,0.17812859,0.008228015135006742,1.0,0.0,1.0,0.0,0.086447,0.080219,0.09301,feasible
mnist,random,0.7,3,5284,0.18583049,0.006907109886913628,1.0,0.0,1.0,0.0,0.1162,0.109012,0.123703,feasible
mnist,random,0.7,4,7197,0.23777177000000002,0.005597886486621535,0.0,1.0,0.0,1.0,0.217869,0.209881,0.226026,infeasible
mnist,random,0.9,0,3439,0.04332912000000001,0.003219512581991255,1.0,0.0,1.0,0.0,0.023263,0.019193,0.02795,feasible
mnist,random,0.9,1,4317,0.07343794999999999,0.004063504569641826,1.0,0.0,1.0,0.0,0.034746,0.030281,0.039687,feasible
mnist,random,0.9,2,4254,0.11879010000000002,0.007290976471639447,1.0,0.0,1.0,0.0,0.04913,0.043793,0.054933,feasible
mnist,random,0.9,3,3838,0.13922803,0.008966825071846778,1.0,0.0,1.0,0.0,0.046118,0.040677,0.052079,feasible
mnist,random,0.9,4,9352,0.35525825,0.008597441476829022,0.0,1.0,0.0,1.0,0.265077,0.257571,0.272691,infeasible
mnist,random,0.5,0,5246,0.12947275000000003,0.006998008154289333,1.0,0.0,1.0,0.0,0.069386,0.063699,0.075432,feasible
mnist,random,0.5,1,5060,0.13243077,0.006554334072741486,1.0,0.0,1.0,0.0,0.083992,0.077658,0.090684,feasible
mnist,random,0.5,2,5863,0.13454844,0.006530460377829422,1.0,0.0,1.0,0.0,0.095003,0.088769,0.101537,feasible
mnist,random,0.5,3,4790,0.13772009,0.005942467477563509,1.0,0.0,1.0,0.0,0.111482,0.104075,0.119243,feasible
mnist,random,0.5,4,4241,0.18019501,0.006736907323831908,0.0,1.0,0.0,1.0,0.163169,0.153891,0.172791,infeasible
mnist,random,0.7,0,5444,0.12229017,0.006493639558914554,1.0,0.0,1.0,0.0,0.04978,0.045019,0.054902,feasible
mnist,random,0.7,1,5160,0.11929998000000001,0.006953472817204365,1.0,0.0,1.0,0.0,0.068992,0.063274,0.075075,feasible
mnist,random,0.7,2,5416,0.1184656,0.005687763695865011,1.0,0.0,1.0,0.0,0.07921,0.07325,0.085508,feasible
mnist,random,0.7,3,4527,0.12827792,0.0058245678323460195,1.0,0.0,1.0,0.0,0.105589,0.098155,0.113401,feasible
mnist,random,0.7,4,4653,0.22726174,0.006395824085479523,0.0,1.0,0.0,1.0,0.223082,0.213066,0.233355,infeasible
mnist,random,0.9,0,5807,0.05996836999999999,0.0034566363264161874,1.0,0.0,1.0,0.0,0.019631,0.016731,0.022898,feasible
mnist,random,0.9,1,4660,0.06169564000000001,0.003993193592902803,1.0,0.0,1.0,0.0,0.032618,0.028449,0.037229,feasible
mnist,random,0.9,2,4719,0.07349917,0.005246113197511087,1.0,0.0,1.0,0.0,0.040687,0.036062,0.045739,feasible
mnist,random,0.9,3,2713,0.08744727000000001,0.008130165659880492,1.0,0.0,1.0,0.0,0.03944,0.033481,0.046151,feasible
mnist,random,0.9,4,7301,0.32106603,0.009688043287945196,0.0,1.0,0.0,1.0,0.274894,0.266298,0.283622,infeasible
mnist[margin],greedy_entropy,0.5,0,3540,0.14541141,0.006662950402179204,1.0,0.0,1.0,0.0,0.067232,0.060434,0.074565,feasible
mnist[margin],greedy_entropy,0.5,1,5307,0.16031309,0.007410811233724686,1.0,0.0,1.0,0.0,0.070473,0.064776,0.076523,feasible
mnist[margin],greedy_entropy,0.5,2,6086,0.13238586,0.006331714954133675,1.0,0.0,1.0,0.0,0.06671,0.061522,0.072209,feasible
mnist[margin],greedy_entropy,0.5,3,4882,0.11758321999999997,0.006881397475193539,1.0,0.0,1.0,0.0,0.080295,0.073982,0.086982,feasible
mnist[margin],greedy_entropy,0.5,4,5385,0.15617618,0.006379226063371636,0.45,0.55,0.19,0.81,0.137976,0.130299,0.145944,feasible
mnist[margin],greedy_entropy,0.7,0,4621,0.13816315999999998,0.0048993434125809135,1.0,0.0,1.0,0.0,0.060809,0.055125,0.066909,feasible
mnist[margin],greedy_entropy,0.7,1,5305,0.14683845,0.006873823210375722,1.0,0.0,1.0,0.0,0.055231,0.05016,0.060668,feasible
mnist[margin],greedy_entropy,0.7,2,4504,0.13293641999999997,0.007718380410656112,1.0,0.0,1.0,0.0,0.063499,0.057622,0.0698,feasible
mnist[margin],greedy_entropy,0.7,3,5570,0.11927050000000002,0.006936922201524247,1.0,0.0,1.0,0.0,0.073968,0.068276,0.079993,feasible
mnist[margin],greedy_entropy,0.7,4,5200,0.17432869,0.006242749696560002,0.0,1.0,0.0,1.0,0.169423,0.160909,0.178213,infeasible
mnist[margin],greedy_entropy,0.9,0,4777,0.07011563000000001,0.0033298311057920037,1.0,0.0,1.0,0.0,0.039983,0.035426,0.044964,feasible
mnist[margin],greedy_entropy,0.9,1,5326,0.08210557999999998,0.00377245874511571,1.0,0.0,1.0,0.0,0.03605,0.031944,0.040538,feasible
mnist[margin],greedy_entropy,0.9,2,5374,0.06325641,0.004897616491917268,1.0,0.0,1.0,0.0,0.015073,0.012443,0.018104,feasible
mnist[margin],greedy_entropy,0.9,3,1423,0.08713216000000001,0.009963994909392516,1.0,0.0,1.0,0.0,0.014055,0.009333,0.020358,feasible
mnist[margin],greedy_entropy,0.9,4,8300,0.28332729,0.00995689550542236,0.0,1.0,0.0,1.0,0.201084,0.193866,0.208458,infeasible
tabular-MiniBooNE,eps_greedy_eps0.25,0.5,1,46823,0.14300251,0.002961619592368337,1.0,0.0,1.0,0.0,0.083399,0.081306,0.085531,feasible
tabular-MiniBooNE,eps_greedy_eps0.25,0.7,1,46823,0.14300251,0.002961619592368337,1.0,0.0,1.0,0.0,0.083399,0.081306,0.085531,feasible
tabular-MiniBooNE,eps_greedy_eps0.25,0.9,0,8226,0.037866800000000006,0.002014853781295308,1.0,0.0,1.0,0.0,0.023219,0.020553,0.02614,feasible
tabular-MiniBooNE,eps_greedy_eps0.25,0.9,1,10292,0.04809234000000001,0.00238436708675489,1.0,0.0,1.0,0.0,0.032938,0.030094,0.03598,feasible
tabular-MiniBooNE,eps_greedy_eps0.25,0.9,2,9414,0.11010277,0.004863289826557739,1.0,0.0,1.0,0.0,0.056193,0.052338,0.060253,feasible
tabular-MiniBooNE,eps_greedy_eps0.25,0.9,3,9466,0.14038251,0.004268082781519122,1.0,0.0,1.0,0.0,0.069301,0.065053,0.073746,feasible
tabular-MiniBooNE,eps_greedy_eps0.25,0.9,4,9425,0.37390465,0.0069575218251544165,0.0,1.0,0.0,1.0,0.232361,0.225214,0.23963,infeasible
tabular-MiniBooNE,eps_greedy_eps0.5,0.5,1,46823,0.14184018,0.0019296989370365515,1.0,0.0,1.0,0.0,0.083399,0.081306,0.085531,feasible
tabular-MiniBooNE,eps_greedy_eps0.5,0.7,1,46823,0.14184018,0.0019296989370365515,1.0,0.0,1.0,0.0,0.083399,0.081306,0.085531,feasible
tabular-MiniBooNE,eps_greedy_eps0.5,0.9,0,8313,0.04630858999999999,0.002446437749443055,1.0,0.0,1.0,0.0,0.02887,0.025913,0.032077,feasible
tabular-MiniBooNE,eps_greedy_eps0.5,0.9,1,8124,0.05208488,0.0026777108741609878,1.0,0.0,1.0,0.0,0.03385,0.030613,0.037339,feasible
tabular-MiniBooNE,eps_greedy_eps0.5,0.9,2,10523,0.08761305,0.0030582625504524627,1.0,0.0,1.0,0.0,0.050366,0.046904,0.054013,feasible
tabular-MiniBooNE,eps_greedy_eps0.5,0.9,3,10731,0.13874876000000003,0.003706707757889742,1.0,0.0,1.0,0.0,0.068027,0.06407,0.072159,feasible
tabular-MiniBooNE,eps_greedy_eps0.5,0.9,4,9132,0.37474451000000003,0.005758146032352772,0.0,1.0,0.0,1.0,0.233246,0.225975,0.240642,infeasible
tabular-MiniBooNE,greedy_entropy,0.5,1,46823,0.13271973,0.001762258759972553,1.0,0.0,1.0,0.0,0.083399,0.081306,0.085531,feasible
tabular-MiniBooNE,greedy_entropy,0.7,1,46823,0.13271973,0.001762258759972553,1.0,0.0,1.0,0.0,0.083399,0.081306,0.085531,feasible
tabular-MiniBooNE,greedy_entropy,0.9,0,7345,0.02560284,0.0018963227980488978,1.0,0.0,1.0,0.0,0.016338,0.01398,0.018987,feasible
tabular-MiniBooNE,greedy_entropy,0.9,1,8863,0.04340254999999999,0.0021912327825906585,1.0,0.0,1.0,0.0,0.03272,0.02967,0.036001,feasible
tabular-MiniBooNE,greedy_entropy,0.9,2,9523,0.11456398999999999,0.003328247843821129,1.0,0.0,1.0,0.0,0.054395,0.050621,0.058372,feasible
tabular-MiniBooNE,greedy_entropy,0.9,3,11912,0.10793702999999999,0.0030568193648136937,1.0,0.0,1.0,0.0,0.070013,0.066204,0.073979,feasible
tabular-MiniBooNE,greedy_entropy,0.9,4,9180,0.35592820000000003,0.004538249658183208,0.0,1.0,0.0,1.0,0.233442,0.226189,0.240821,infeasible
tabular-MiniBooNE,greedy_entropy,0.5,1,46823,0.14279183,0.00430176741596986,1.0,0.0,1.0,0.0,0.084766,0.082657,0.086913,feasible
tabular-MiniBooNE,greedy_entropy,0.7,1,46823,0.14279183,0.00430176741596986,1.0,0.0,1.0,0.0,0.084766,0.082657,0.086913,feasible
tabular-MiniBooNE,greedy_entropy,0.9,0,1184,0.018582030000000003,0.004353901435391022,1.0,0.0,1.0,0.0,0.018581,0.012612,0.026427,feasible
tabular-MiniBooNE,greedy_entropy,0.9,1,10511,0.015958570000000002,0.0011639145265439385,1.0,0.0,1.0,0.0,0.014746,0.012865,0.016831,feasible
tabular-MiniBooNE,greedy_entropy,0.9,2,15313,0.08379774000000001,0.0025103710069230797,1.0,0.0,1.0,0.0,0.053876,0.050905,0.056973,feasible
tabular-MiniBooNE,greedy_entropy,0.9,3,10428,0.12158834999999998,0.00479506343936136,1.0,0.0,1.0,0.0,0.0841,0.079668,0.088705,feasible
tabular-MiniBooNE,greedy_entropy,0.9,4,9387,0.42033398999999994,0.013318409691472178,0.0,1.0,0.0,1.0,0.222648,0.215596,0.229828,infeasible
tabular-MiniBooNE,greedy_entropy,0.5,1,46823,0.13958867000000003,0.0014721434988138893,1.0,0.0,1.0,0.0,0.089016,0.08686,0.09121,feasible
tabular-MiniBooNE,greedy_entropy,0.7,1,46823,0.13958867000000003,0.0014721434988138893,1.0,0.0,1.0,0.0,0.089016,0.08686,0.09121,feasible
tabular-MiniBooNE,greedy_entropy,0.9,0,2458,0.029876820000000005,0.0035680340143558046,1.0,0.0,1.0,0.0,0.024003,0.019148,0.029727,feasible
tabular-MiniBooNE,greedy_entropy,0.9,1,15074,0.031442819999999996,0.0013303464239061947,1.0,0.0,1.0,0.0,0.020963,0.01908,0.022986,feasible
tabular-MiniBooNE,greedy_entropy,0.9,2,5536,0.11310104000000001,0.004594447572712089,1.0,0.0,1.0,0.0,0.053107,0.048235,0.058332,feasible
tabular-MiniBooNE,greedy_entropy,0.9,3,14269,0.11404271999999999,0.0025457394096018546,1.0,0.0,1.0,0.0,0.079683,0.075983,0.083511,feasible
tabular-MiniBooNE,greedy_entropy,0.9,4,9486,0.39351392,0.005127438178427898,0.0,1.0,0.0,1.0,0.248999,0.2417,0.256411,infeasible
tabular-MiniBooNE,random,0.5,1,46823,0.14334413999999998,0.004093283178623244,1.0,0.0,1.0,0.0,0.083399,0.081306,0.085531,feasible
tabular-MiniBooNE,random,0.7,1,46823,0.14334413999999998,0.004093283178623244,1.0,0.0,1.0,0.0,0.083399,0.081306,0.085531,feasible
tabular-MiniBooNE,random,0.9,0,6014,0.06824699999999999,0.002729370114147219,1.0,0.0,1.0,0.0,0.043898,0.039634,0.048493,feasible
tabular-MiniBooNE,random,0.9,1,11188,0.06499257,0.002402343477752505,1.0,0.0,1.0,0.0,0.039685,0.036694,0.042856,feasible
tabular-MiniBooNE,random,0.9,2,10604,0.08613075000000002,0.0030453521779098057,1.0,0.0,1.0,0.0,0.048472,0.045087,0.052043,feasible
tabular-MiniBooNE,random,0.9,3,9592,0.14080016,0.0074024316122744405,1.0,0.0,1.0,0.0,0.058486,0.054593,0.06258,feasible
tabular-MiniBooNE,random,0.9,4,9425,0.35125883,0.009485926650628286,0.0,1.0,0.0,1.0,0.225146,0.21808,0.232338,infeasible
tabular-MiniBooNE,random,0.5,1,46823,0.1430007,0.004505686488205764,1.0,0.0,1.0,0.0,0.084766,0.082657,0.086913,feasible
tabular-MiniBooNE,random,0.7,1,46823,0.1430007,0.004505686488205764,1.0,0.0,1.0,0.0,0.084766,0.082657,0.086913,feasible
tabular-MiniBooNE,random,0.9,0,7976,0.06492553,0.002957663058750945,1.0,0.0,1.0,0.0,0.04012,0.036568,0.043924,feasible
tabular-MiniBooNE,random,0.9,1,9682,0.06471104999999999,0.0022537345734358343,1.0,0.0,1.0,0.0,0.040797,0.037542,0.04426,feasible
tabular-MiniBooNE,random,0.9,2,10894,0.07899995,0.0036402226782849424,1.0,0.0,1.0,0.0,0.043877,0.040694,0.047243,feasible
tabular-MiniBooNE,random,0.9,3,9110,0.1547496,0.008504859883619481,1.0,0.0,1.0,0.0,0.055873,0.051965,0.059992,feasible
tabular-MiniBooNE,random,0.9,4,9161,0.35847725,0.010310140689025537,0.0,1.0,0.0,1.0,0.247462,0.240051,0.254992,infeasible
tabular-MiniBooNE,random,0.5,1,46823,0.14288963000000002,0.004111515666162541,1.0,0.0,1.0,0.0,0.089016,0.08686,0.09121,feasible
tabular-MiniBooNE,random,0.7,1,46823,0.14288963000000002,0.004111515666162541,1.0,0.0,1.0,0.0,0.089016,0.08686,0.09121,feasible
tabular-MiniBooNE,random,0.9,0,8055,0.05763308,0.002555124218819899,1.0,0.0,1.0,0.0,0.035878,0.032533,0.039476,feasible
tabular-MiniBooNE,random,0.9,1,8654,0.0667064,0.0030286674561595573,1.0,0.0,1.0,0.0,0.041715,0.038237,0.045424,feasible
tabular-MiniBooNE,random,0.9,2,10448,0.08596847999999997,0.0032734302878784506,1.0,0.0,1.0,0.0,0.054364,0.05076,0.058154,feasible
tabular-MiniBooNE,random,0.9,3,10234,0.13304297,0.0055616787509797806,1.0,0.0,1.0,0.0,0.071135,0.066998,0.075455,feasible
tabular-MiniBooNE,random,0.9,4,9432,0.3589994700000001,0.011951330937979253,0.0,1.0,0.0,1.0,0.235581,0.228402,0.242881,infeasible
tabular-MiniBooNE[margin],greedy_entropy,0.5,1,10150,0.05718642999999999,0.00251977689589773,1.0,0.0,1.0,0.0,0.035567,0.032593,0.03874,feasible
tabular-MiniBooNE[margin],greedy_entropy,0.5,2,14021,0.07547788000000001,0.002316544017626257,1.0,0.0,1.0,0.0,0.038157,0.035531,0.040926,feasible
tabular-MiniBooNE[margin],greedy_entropy,0.5,3,9447,0.1488767,0.003245900268030426,1.0,0.0,1.0,0.0,0.095692,0.090753,0.100816,feasible
tabular-MiniBooNE[margin],greedy_entropy,0.5,4,13205,0.24014011,0.0036427295779264193,0.0,1.0,0.0,1.0,0.159409,0.154188,0.164742,infeasible
tabular-MiniBooNE[margin],greedy_entropy,0.7,0,1731,0.04447275999999999,0.004931638886049951,1.0,0.0,1.0,0.0,0.03524,0.028253,0.04343,feasible
tabular-MiniBooNE[margin],greedy_entropy,0.7,1,13895,0.03672799,0.0016557227454800521,1.0,0.0,1.0,0.0,0.023893,0.021801,0.026136,feasible
tabular-MiniBooNE[margin],greedy_entropy,0.7,2,12484,0.09335374,0.002588998716183537,1.0,0.0,1.0,0.0,0.058154,0.054746,0.061717,feasible
tabular-MiniBooNE[margin],greedy_entropy,0.7,3,8258,0.15715161,0.004250564614013061,1.0,0.0,1.0,0.0,0.08513,0.080126,0.090351,feasible
tabular-MiniBooNE[margin],greedy_entropy,0.7,4,10455,0.30279582000000005,0.004790186702791449,0.0,1.0,0.0,1.0,0.199235,0.192824,0.20577,infeasible
tabular-MiniBooNE[margin],greedy_entropy,0.9,0,6433,0.023253060000000002,0.0019410334145500946,1.0,0.0,1.0,0.0,0.016944,0.014383,0.019837,feasible
tabular-MiniBooNE[margin],greedy_entropy,0.9,1,8038,0.05082439,0.002505803623171616,1.0,0.0,1.0,0.0,0.022269,0.019629,0.025171,feasible
tabular-MiniBooNE[margin],greedy_entropy,0.9,2,13821,0.040991259999999995,0.0015372471279530824,1.0,0.0,1.0,0.0,0.026337,0.024134,0.028689,feasible
tabular-MiniBooNE[margin],greedy_entropy,0.9,3,6252,0.11884017999999999,0.003951799082392728,1.0,0.0,1.0,0.0,0.052463,0.047901,0.057338,feasible
tabular-MiniBooNE[margin],greedy_entropy,0.9,4,12279,0.35396234,0.00450885444701867,0.0,1.0,0.0,1.0,0.238212,0.231894,0.244621,infeasible
tabular-adult,eps_greedy_eps0.25,0.5,1,16280,0.16554791,0.002754013253762588,1.0,0.0,1.0,0.0,0.150799,0.146201,0.155489,feasible
tabular-adult,eps_greedy_eps0.25,0.7,1,16280,0.16554791,0.002754013253762588,1.0,0.0,1.0,0.0,0.150799,0.146201,0.155489,feasible
tabular-adult,eps_greedy_eps0.25,0.9,1,9686,0.06741003,0.0022404569777391397,1.0,0.0,1.0,0.0,0.052344,0.04867,0.056218,feasible
tabular-adult,eps_greedy_eps0.25,0.9,2,333,0.09144185,0.016473538893859448,1.0,0.0,1.0,0.0,0.051051,0.032786,0.075594,feasible
tabular-adult,eps_greedy_eps0.25,0.9,3,6261,0.32157775,0.005450849026298564,0.0,1.0,0.0,1.0,0.308417,0.298804,0.318162,infeasible
tabular-adult,eps_greedy_eps0.5,0.5,1,16280,0.17182431000000004,0.0028440442004125047,1.0,0.0,1.0,0.0,0.150799,0.146201,0.155489,feasible
tabular-adult,eps_greedy_eps0.5,0.7,1,16280,0.17182431000000004,0.0028440442004125047,1.0,0.0,1.0,0.0,0.150799,0.146201,0.155489,feasible
tabular-adult,eps_greedy_eps0.5,0.9,1,5452,0.07199045999999999,0.0031303076252023536,1.0,0.0,1.0,0.0,0.053925,0.04898,0.059228,feasible
tabular-adult,eps_greedy_eps0.5,0.9,2,4383,0.07079829,0.003978240888370135,1.0,0.0,1.0,0.0,0.054301,0.048778,0.060269,feasible
tabular-adult,eps_greedy_eps0.5,0.9,3,238,0.0925659,0.020914950255977182,1.0,0.0,1.0,0.0,0.042017,0.02297,0.070228,feasible
tabular-adult,eps_greedy_eps0.5,0.9,4,6207,0.3342943100000001,0.005298857325301369,0.0,1.0,0.0,1.0,0.3082,0.298548,0.317987,infeasible
tabular-adult,greedy_entropy,0.5,1,16280,0.16142997999999997,0.0029430648989786146,1.0,0.0,1.0,0.0,0.150799,0.146201,0.155489,feasible
tabular-adult,greedy_entropy,0.7,1,16280,0.16142997999999997,0.0029430648989786146,1.0,0.0,1.0,0.0,0.150799,0.146201,0.155489,feasible
tabular-adult,greedy_entropy,0.9,1,9713,0.06705990999999999,0.002184752357110526,1.0,0.0,1.0,0.0,0.051889,0.048236,0.055743,feasible
tabular-adult,greedy_entropy,0.9,2,299,0.045913850000000006,0.011366496844124841,1.0,0.0,1.0,0.0,0.043478,0.025906,0.068238,feasible
tabular-adult,greedy_entropy,0.9,3,6268,0.31357991,0.00555902136908107,0.0,1.0,0.0,1.0,0.30919,0.299575,0.318936,infeasible
tabular-adult,greedy_entropy,0.5,1,16280,0.16500860999999997,0.003167858787556667,1.0,0.0,1.0,0.0,0.152457,0.147838,0.157168,feasible
tabular-adult,greedy_entropy,0.7,1,16280,0.16500860999999997,0.003167858787556667,1.0,0.0,1.0,0.0,0.152457,0.147838,0.157168,feasible
tabular-adult,greedy_entropy,0.9,0,8693,0.06913394,0.002778324847169603,1.0,0.0,1.0,0.0,0.053836,0.049908,0.057988,feasible
tabular-adult,greedy_entropy,0.9,2,1181,0.07457956000000002,0.007315229670106059,1.0,0.0,1.0,0.0,0.07282,0.06076,0.086489,feasible
tabular-adult,greedy_entropy,0.9,3,383,0.11705821,0.015575426312172005,1.0,0.0,1.0,0.0,0.073107,0.052454,0.098861,feasible
tabular-adult,greedy_entropy,0.9,4,6023,0.32397524000000005,0.006821871689089439,0.0,1.0,0.0,1.0,0.315457,0.305593,0.325454,infeasible
tabular-adult,greedy_entropy,0.5,1,16280,0.18691152999999996,0.008259480025346632,1.0,0.0,1.0,0.0,0.146867,0.14232,0.151508,feasible
tabular-adult,greedy_entropy,0.7,1,16280,0.18691152999999996,0.008259480025346632,1.0,0.0,1.0,0.0,0.146867,0.14232,0.151508,feasible
tabular-adult,greedy_entropy,0.9,0,3589,0.07153123,0.003967407364652639,1.0,0.0,1.0,0.0,0.06715,0.060402,0.074426,feasible
tabular-adult,greedy_entropy,0.9,1,5609,0.09612739,0.004958632710526159,1.0,0.0,1.0,0.0,0.069353,0.063851,0.07519,feasible
tabular-adult,greedy_entropy,0.9,2,1620,0.16443173000000003,0.020988823177517598,1.0,0.0,1.0,0.0,0.069753,0.05962,0.081063,feasible
tabular-adult,greedy_entropy,0.9,3,5462,0.36235139000000005,0.014564052566435625,0.0,1.0,0.0,1.0,0.301721,0.291494,0.312105,infeasible
tabular-adult,random,0.5,1,16280,0.18293241000000002,0.0033961231841468874,1.0,0.0,1.0,0.0,0.150799,0.146201,0.155489,feasible
tabular-adult,random,0.7,1,16280,0.18293241000000002,0.0033961231841468874,1.0,0.0,1.0,0.0,0.150799,0.146201,0.155489,feasible
tabular-adult,random,0.9,0,2218,0.06582400999999999,0.005175821529950585,1.0,0.0,1.0,0.0,0.054103,0.046418,0.062678,feasible
tabular-adult,random,0.9,1,3623,0.07000727999999999,0.0037845347351556967,1.0,0.0,1.0,0.0,0.054651,0.04857,0.061272,feasible
tabular-adult,random,0.9,2,3902,0.08819403,0.004422296888394085,1.0,0.0,1.0,0.0,0.060482,0.054322,0.067135,feasible
tabular-adult,random,0.9,3,493,0.13838478,0.017579226906539437,1.0,0.0,1.0,0.0,0.075051,0.056463,0.097552,feasible
tabular-adult,random,0.9,4,6044,0.35884404000000003,0.006809954628218898,0.0,1.0,0.0,1.0,0.308405,0.298621,0.318326,infeasible
tabular-adult,random,0.5,1,16280,0.20256389,0.0035132342332813513,1.0,0.0,1.0,0.0,0.152457,0.147838,0.157168,feasible
tabular-adult,random,0.7,1,16280,0.20256389,0.0035132342332813513,1.0,0.0,1.0,0.0,0.152457,0.147838,0.157168,feasible
tabular-adult,random,0.9,0,1924,0.06405487,0.0051613179492354475,1.0,0.0,1.0,0.0,0.050936,0.042944,0.059964,feasible
tabular-adult,random,0.9,1,4639,0.07374945,0.004106918415004126,1.0,0.0,1.0,0.0,0.058418,0.052853,0.064399,feasible
tabular-adult,random,0.9,2,3145,0.13269169,0.005457409425166854,1.0,0.0,1.0,0.0,0.064865,0.057784,0.072553,feasible
tabular-adult,random,0.9,3,618,0.22140596,0.014324524087675655,1.0,0.0,1.0,0.0,0.064725,0.049216,0.083424,feasible
tabular-adult,random,0.9,4,5954,0.38246100999999993,0.007241838859702688,0.0,1.0,0.0,1.0,0.313907,0.303999,0.323949,infeasible
tabular-adult,random,0.5,1,16280,0.18725919000000002,0.003631138660792232,1.0,0.0,1.0,0.0,0.146867,0.14232,0.151508,feasible
tabular-adult,random,0.7,1,16280,0.18725919000000002,0.003631138660792232,1.0,0.0,1.0,0.0,0.146867,0.14232,0.151508,feasible
tabular-adult,random,0.9,0,1815,0.05029900999999999,0.005537975869385853,1.0,0.0,1.0,0.0,0.04022,0.032917,0.048655,feasible
tabular-adult,random,0.9,1,3673,0.05624472,0.003705090144868273,1.0,0.0,1.0,0.0,0.04465,0.039179,0.050667,feasible
tabular-adult,random,0.9,2,4080,0.09552794,0.004824056033712709,1.0,0.0,1.0,0.0,0.060049,0.054044,0.066527,feasible
tabular-adult,random,0.9,3,612,0.15746952000000003,0.014932788488745161,1.0,0.0,1.0,0.0,0.063725,0.048267,0.082416,feasible
tabular-adult,random,0.9,4,6100,0.37099012000000003,0.00722061359481312,0.0,1.0,0.0,1.0,0.306557,0.296835,0.316417,infeasible
tabular-adult[margin],greedy_entropy,0.5,1,16280,0.16137100000000001,0.0029346191984651092,1.0,0.0,1.0,0.0,0.150799,0.146201,0.155489,feasible
tabular-adult[margin],greedy_entropy,0.7,1,9598,0.07125573,0.0023123102250995633,1.0,0.0,1.0,0.0,0.055637,0.051836,0.059638,feasible
tabular-adult[margin],greedy_entropy,0.7,2,962,0.061021639999999995,0.007681475778156174,1.0,0.0,1.0,0.0,0.059252,0.047229,0.073331,feasible
tabular-adult[margin],greedy_entropy,0.7,3,5720,0.3299248,0.005820771819956528,0.0,1.0,0.0,1.0,0.325874,0.31566,0.336219,infeasible
tabular-adult[margin],greedy_entropy,0.9,0,2857,0.020170880000000002,0.0025705479582376982,1.0,0.0,1.0,0.0,0.017501,0.013662,0.0221,feasible
tabular-adult[margin],greedy_entropy,0.9,1,3116,0.04101186000000001,0.0038506138550106527,1.0,0.0,1.0,0.0,0.033376,0.028251,0.039166,feasible
tabular-adult[margin],greedy_entropy,0.9,2,2281,0.06227085000000001,0.00530618240051169,1.0,0.0,1.0,0.0,0.032004,0.026173,0.03875,feasible
tabular-adult[margin],greedy_entropy,0.9,3,8026,0.28683948,0.005128929585166868,0.0,1.0,0.0,1.0,0.277598,0.269374,0.285941,infeasible
tabular-spambase,eps_greedy_eps0.25,0.5,1,1656,0.12688396000000002,0.016210431261332932,1.0,0.0,1.0,0.0,0.06099,0.051599,0.071558,feasible
tabular-spambase,eps_greedy_eps0.25,0.7,0,315,0.035875210000000005,0.01109869521547015,1.0,0.0,1.0,0.0,0.022222,0.010475,0.041333,feasible
tabular-spambase,eps_greedy_eps0.25,0.7,1,209,0.07608591,0.02077291864620617,0.98,0.02,0.79,0.21,0.052632,0.029793,0.085614,feasible
tabular-spambase,eps_greedy_eps0.25,0.7,2,444,0.12451722,0.019444624109804746,1.0,0.0,1.0,0.0,0.042793,0.028201,0.062161,feasible
tabular-spambase,eps_greedy_eps0.25,0.7,3,322,0.14136383,0.027447787868990464,0.93,0.07,0.73,0.27,0.074534,0.051923,0.103222,feasible
tabular-spambase,eps_greedy_eps0.25,0.7,4,366,0.22381038,0.03410871838131125,0.29,0.71,0.08,0.92,0.10929,0.083533,0.139883,feasible
tabular-spambase,eps_greedy_eps0.25,0.9,0,289,0.0030420800000000004,0.003438712188247222,1.0,0.0,1.0,0.0,0.00346,0.000177,0.016309,feasible
tabular-spambase,eps_greedy_eps0.25,0.9,1,406,0.038956750000000005,0.010037323739299235,1.0,0.0,1.0,0.0,0.022167,0.011612,0.038364,feasible
tabular-spambase,eps_greedy_eps0.25,0.9,2,350,0.06938992999999999,0.018830819130486596,1.0,0.0,1.0,0.0,0.04,0.024342,0.061827,feasible
tabular-spambase,eps_greedy_eps0.25,0.9,3,305,0.18084442000000003,0.03862587547776231,0.99,0.01,0.94,0.06,0.059016,0.038488,0.086262,feasible
tabular-spambase,eps_greedy_eps0.25,0.9,4,306,0.37140181000000005,0.03278070095641489,0.0,1.0,0.0,1.0,0.19281,0.156421,0.233709,infeasible
tabular-spambase,eps_greedy_eps0.5,0.5,1,1656,0.12520527,0.014727418553062853,1.0,0.0,1.0,0.0,0.06099,0.051599,0.071558,feasible
tabular-spambase,eps_greedy_eps0.5,0.7,0,317,0.07862479000000001,0.019395270642759796,1.0,0.0,1.0,0.0,0.037855,0.021985,0.060612,feasible
tabular-spambase,eps_greedy_eps0.5,0.7,1,201,0.06834037,0.023752053080378123,0.99,0.01,0.89,0.11,0.044776,0.023555,0.076833,feasible
tabular-spambase,eps_greedy_eps0.5,0.7,2,488,0.13859177,0.021894820449528698,1.0,0.0,1.0,0.0,0.045082,0.030714,0.063751,feasible
tabular-spambase,eps_greedy_eps0.5,0.7,3,348,0.11171866000000001,0.01635071058836282,0.99,0.01,0.88,0.12,0.068966,0.048007,0.095621,feasible
tabular-spambase,eps_greedy_eps0.5,0.7,4,302,0.20630417,0.03621929515246121,0.19,0.81,0.02,0.98,0.112583,0.083955,0.147048,feasible
tabular-spambase,eps_greedy_eps0.5,0.9,0,328,0.0084464,0.004988588946786456,1.0,0.0,1.0,0.0,0.009146,0.002497,0.023468,feasible
tabular-spambase,eps_greedy_eps0.5,0.9,1,444,0.04348039,0.011999247497151644,1.0,0.0,1.0,0.0,0.02027,0.010615,0.035105,feasible
tabular-spambase,eps_greedy_eps0.5,0.9,2,241,0.09394956,0.01839955230451002,1.0,0.0,0.95,0.05,0.045643,0.025805,0.07442,feasible
tabular-spambase,eps_greedy_eps0.5,0.9,3,297,0.15882884,0.03144668534670069,1.0,0.0,0.97,0.03,0.057239,0.036796,0.084623,feasible
tabular-spambase,eps_greedy_eps0.5,0.9,4,346,0.33309633000000005,0.0357500434204086,0.0,1.0,0.0,1.0,0.176301,0.14332,0.21348,undetermined
tabular-spambase,greedy_entropy,0.5,1,1656,0.12548309000000002,0.013859464769676352,1.0,0.0,1.0,0.0,0.06099,0.051599,0.071558,feasible
tabular-spambase,greedy_entropy,0.7,1,494,0.021900899999999997,0.00768896184865031,1.0,0.0,1.0,0.0,0.026316,0.015635,0.041514,feasible
tabular-spambase,greedy_entropy,0.7,2,540,0.13668819999999998,0.018544691398888254,1.0,0.0,1.0,0.0,0.055556,0.040268,0.074602,feasible
tabular-spambase,greedy_entropy,0.7,3,278,0.09593791,0.016388990213612918,0.98,0.02,0.86,0.14,0.064748,0.042264,0.094505,feasible
tabular-spambase,greedy_entropy,0.7,4,344,0.28027497,0.03629613294455898,0.2,0.8,0.04,0.96,0.116279,0.088948,0.148664,feasible
tabular-spambase,greedy_entropy,0.9,0,335,0.00264032,0.0029843677818928416,1.0,0.0,1.0,0.0,0.00597,0.001062,0.018673,feasible
tabular-spambase,greedy_entropy,0.9,1,308,0.04027622,0.011417146723748451,1.0,0.0,1.0,0.0,0.022727,0.010714,0.042263,feasible
tabular-spambase,greedy_entropy,0.9,2,402,0.05520035000000001,0.013325164842789,1.0,0.0,1.0,0.0,0.044776,0.029137,0.065677,feasible
tabular-spambase,greedy_entropy,0.9,3,362,0.21222499000000003,0.03434594096003049,0.91,0.09,0.54,0.46,0.085635,0.062668,0.113825,feasible
tabular-spambase,greedy_entropy,0.9,4,249,0.38437058999999996,0.03890439657059212,0.0,1.0,0.0,1.0,0.172691,0.134359,0.21697,undetermined
tabular-spambase,greedy_entropy,0.5,1,1656,0.12306758000000001,0.016886168419259592,1.0,0.0,1.0,0.0,0.062198,0.052716,0.072853,feasible
tabular-spambase,greedy_entropy,0.7,0,321,0.03977609000000001,0.01036173178488519,1.0,0.0,1.0,0.0,0.034268,0.019334,0.056084,feasible
tabular-spambase,greedy_entropy,0.7,1,133,0.0087476,0.007357213734831958,1.0,0.0,1.0,0.0,0.007519,0.000386,0.03517,feasible
tabular-spambase,greedy_entropy,0.7,2,547,0.05284139999999999,0.008870996212376601,1.0,0.0,1.0,0.0,0.02925,0.018431,0.044089,feasible
tabular-spambase,greedy_entropy,0.7,3,315,0.16854793999999995,0.031705164790557384,0.63,0.37,0.27,0.73,0.088889,0.063912,0.119839,feasible
tabular-spambase,greedy_entropy,0.7,4,340,0.31689033000000005,0.04790247663932523,0.03,0.97,0.01,0.99,0.138235,0.108419,0.172854,undetermined
tabular-spambase,greedy_entropy,0.9,0,355,0.014735159999999999,0.0057817387916093204,1.0,0.0,1.0,0.0,0.014085,0.005566,0.029385,feasible
tabular-spambase,greedy_entropy,0.9,1,357,0.03950512,0.010400619675077058,1.0,0.0,1.0,0.0,0.039216,0.023861,0.060628,feasible
tabular-spambase,greedy_entropy,0.9,2,203,0.03158168,0.012776982664056488,1.0,0.0,0.99,0.01,0.034483,0.016294,0.063791,feasible
tabular-spambase,greedy_entropy,0.9,3,341,0.13567451999999997,0.03002969988910312,1.0,0.0,1.0,0.0,0.026393,0.013836,0.045604,feasible
tabular-spambase,greedy_entropy,0.9,4,400,0.32928199999999996,0.039326431365431576,0.01,0.99,0.0,1.0,0.17,0.139751,0.203943,undetermined
tabular-spambase,greedy_entropy,0.5,1,1656,0.12252414000000002,0.015722198849410347,1.0,0.0,1.0,0.0,0.060386,0.051041,0.07091,feasible
tabular-spambase,greedy_entropy,0.7,1,503,0.023347319999999998,0.006011938406005172,1.0,0.0,1.0,0.0,0.019881,0.010825,0.033489,feasible
tabular-spambase,greedy_entropy,0.7,2,213,0.046253289999999996,0.014051046660868365,0.99,0.01,0.97,0.03,0.042254,0.022217,0.072574,feasible
tabular-spambase,greedy_entropy,0.7,3,528,0.13160944,0.02116572877947745,1.0,0.0,0.99,0.01,0.068182,0.051033,0.089046,feasible
tabular-spambase,greedy_entropy,0.7,4,412,0.2719749,0.039583181481912234,0.38,0.62,0.11,0.89,0.109223,0.084888,0.137843,feasible
tabular-spambase,greedy_entropy,0.9,0,233,0.01312712,0.008330127723246506,1.0,0.0,1.0,0.0,0.012876,0.003518,0.032939,feasible
tabular-spambase,greedy_entropy,0.9,1,294,0.029247630000000004,0.010368414766641042,1.0,0.0,1.0,0.0,0.017007,0.006724,0.035424,feasible
tabular-spambase,greedy_entropy,0.9,2,469,0.06399322,0.010708435894732714,1.0,0.0,1.0,0.0,0.034115,0.021513,0.051355,feasible
tabular-spambase,greedy_entropy,0.9,3,349,0.13189546,0.024007973256574576,0.95,0.05,0.61,0.39,0.077364,0.055166,0.10511,feasible
tabular-spambase,greedy_entropy,0.9,4,311,0.37070072,0.054493428501073415,0.0,1.0,0.0,1.0,0.157556,0.124513,0.195566,undetermined
tabular-spambase,random,0.5,1,1656,0.12577296000000002,0.016610610873727675,1.0,0.0,1.0,0.0,0.06099,0.051599,0.071558,feasible
tabular-spambase,random,0.7,0,235,0.09837326999999998,0.021454082736791613,0.99,0.01,0.85,0.15,0.055319,0.033028,0.086514,feasible
tabular-spambase,random,0.7,1,265,0.14786493,0.030968199721086467,1.0,0.0,0.93,0.07,0.060377,0.038234,0.090261,feasible
tabular-spambase,random,0.7,2,254,0.13586169,0.025793308276254524,1.0,0.0,0.91,0.09,0.055118,0.033626,0.084826,feasible
tabular-spambase,random,0.7,3,421,0.11913293999999999,0.020394033249860114,1.0,0.0,1.0,0.0,0.045131,0.029752,0.065521,feasible
tabular-spambase,random,0.7,4,481,0.12740938,0.01893349618468813,1.0,0.0,0.86,0.14,0.081081,0.061536,0.104574,feasible
tabular-spambase,random,0.9,0,320,0.04196983000000001,0.011136678801200114,1.0,0.0,1.0,0.0,0.025,0.012499,0.044655,feasible
tabular-spambase,random,0.9,1,397,0.09203885999999999,0.015058721453709142,1.0,0.0,1.0,0.0,0.047859,0.031563,0.069437,feasible
tabular-spambase,random,0.9,2,320,0.11005791000000001,0.022959179285895654,1.0,0.0,1.0,0.0,0.046875,0.029113,0.071263,feasible
tabular-spambase,random,0.9,3,266,0.13111653,0.03356403155208117,1.0,0.0,1.0,0.0,0.037594,0.020535,0.062933,feasible
tabular-spambase,random,0.9,4,353,0.24916718999999998,0.033778383338666465,0.02,0.98,0.0,1.0,0.13881,0.109471,0.172763,undetermined
tabular-spambase,random,0.5,1,1656,0.12510869,0.017293034799418523,1.0,0.0,1.0,0.0,0.062198,0.052716,0.072853,feasible
tabular-spambase,random,0.7,0,220,0.09884604999999999,0.0237465729255297,1.0,0.0,1.0,0.0,0.027273,0.011942,0.053116,feasible
tabular-spambase,random,0.7,1,446,0.11453097000000001,0.018091055628378903,1.0,0.0,1.0,0.0,0.056054,0.039268,0.077412,feasible
tabular-spambase,random,0.7,2,275,0.14478453,0.026144634227487293,0.68,0.32,0.34,0.66,0.083636,0.057835,0.11641,feasible
tabular-spambase,random,0.7,3,274,0.12099135000000003,0.0242253549180915,1.0,0.0,1.0,0.0,0.040146,0.022674,0.065576,feasible
tabular-spambase,random,0.7,4,441,0.13912842,0.02857434611261647,0.89,0.11,0.65,0.35,0.086168,0.065179,0.111414,feasible
tabular-spambase,random,0.9,0,268,0.03487552000000001,0.011115145875318056,1.0,0.0,1.0,0.0,0.018657,0.007379,0.038825,feasible
tabular-spambase,random,0.9,1,301,0.04055270999999999,0.01695608556200104,1.0,0.0,1.0,0.0,0.019934,0.008716,0.038962,feasible
tabular-spambase,random,0.9,2,411,0.07749818,0.01915487224357291,1.0,0.0,1.0,0.0,0.029197,0.016932,0.046877,feasible
tabular-spambase,random,0.9,3,369,0.12291764,0.029958665370980728,1.0,0.0,1.0,0.0,0.054201,0.036206,0.077787,feasible
tabular-spambase,random,0.9,4,307,0.35558964000000004,0.03321128312652795,0.0,1.0,0.0,1.0,0.19544,0.158899,0.236435,infeasible
tabular-spambase,random,0.5,1,1656,0.12083335000000002,0.014421445528361571,1.0,0.0,1.0,0.0,0.060386,0.051041,0.07091,feasible
tabular-spambase,random,0.7,0,261,0.09593769999999999,0.01951360604117035,0.99,0.01,0.76,0.24,0.065134,0.041923,0.0961,feasible
tabular-spambase,random,0.7,1,293,0.10100419999999997,0.0237195621928399,1.0,0.0,1.0,0.0,0.047782,0.029115,0.07369,feasible
tabular-spambase,random,0.7,2,414,0.1449676,0.020855203174268047,1.0,0.0,1.0,0.0,0.050725,0.034238,0.072226,feasible
tabular-spambase,random,0.7,3,391,0.09921622000000001,0.017910317344246023,1.0,0.0,1.0,0.0,0.040921,0.025833,0.06149,feasible
tabular-spambase,random,0.7,4,297,0.15754989000000003,0.026043485507087946,0.23,0.77,0.03,0.97,0.107744,0.0795,0.142009,feasible
tabular-spambase,random,0.9,0,328,0.0306416,0.008585536243007773,1.0,0.0,1.0,0.0,0.015244,0.006025,0.031783,feasible
tabular-spambase,random,0.9,1,386,0.08814032,0.01702925381740492,1.0,0.0,1.0,0.0,0.036269,0.022058,0.056121,feasible
tabular-spambase,random,0.9,2,273,0.10624869999999997,0.020622038664739238,1.0,0.0,1.0,0.0,0.047619,0.028393,0.074644,feasible
tabular-spambase,random,0.9,3,390,0.11523177999999998,0.023554282581127364,1.0,0.0,1.0,0.0,0.046154,0.03004,0.067675,feasible
tabular-spambase,random,0.9,4,279,0.29562142,0.03760107644607532,0.0,1.0,0.0,1.0,0.179211,0.142333,0.221273,undetermined
