dataset,policy,lambda_ref,stratum,n_cal_q,q,delta_hat,detected,n_req_heuristic
mnist,eps_greedy_eps0.25,0.5,0,2637.0,0.2092857142857143,-0.07769699999999999,0,nan
mnist,eps_greedy_eps0.25,0.5,1,1317.5,0.10456349206349207,-0.08421999999999999,0,nan
mnist,eps_greedy_eps0.25,0.5,2,3534.5,0.280515873015873,-0.08326599999999999,0,nan
mnist,eps_greedy_eps0.25,0.5,3,2435.5,0.1932936507936508,-0.07841999999999999,0,nan
mnist,eps_greedy_eps0.25,0.5,4,2675.5,0.21234126984126983,-0.034175,0,nan
mnist,eps_greedy_eps0.25,0.7,0,2059.5,0.16345238095238096,-0.09415799999999999,0,nan
mnist,eps_greedy_eps0.25,0.7,1,2934.0,0.23285714285714285,-0.095689,0,nan
mnist,eps_greedy_eps0.25,0.7,2,2714.5,0.21543650793650793,-0.09093199999999999,0,nan
mnist,eps_greedy_eps0.25,0.7,3,2179.0,0.17293650793650794,-0.081872,0,nan
mnist,eps_greedy_eps0.25,0.7,4,2713.0,0.21531746031746032,0.0030920000000000114,1,120422.24587603849
mnist,eps_greedy_eps0.25,0.9,0,2369.5,0.18805555555555556,-0.11488699999999999,0,nan
mnist,eps_greedy_eps0.25,0.9,1,2775.5,0.22027777777777777,-0.120033,0,nan
mnist,eps_greedy_eps0.25,0.9,2,2640.5,0.20956349206349206,-0.114742,0,nan
mnist,eps_greedy_eps0.25,0.9,3,1967.0,0.15611111111111112,-0.122456,0,nan
mnist,eps_greedy_eps0.25,0.9,4,2847.5,0.2259920634920635,0.09373400000000001,1,131.03623072926553
mnist,eps_greedy_eps0.5,0.5,0,2499.5,0.19837301587301587,-0.081798,0,nan
mnist,eps_greedy_eps0.5,0.5,1,2293.5,0.18202380952380953,-0.08967,0,nan
mnist,eps_greedy_eps0.5,0.5,2,2174.5,0.17257936507936508,-0.08062799999999999,0,nan
mnist,eps_greedy_eps0.5,0.5,3,2526.5,0.200515873015873,-0.080244,0,nan
mnist,eps_greedy_eps0.5,0.5,4,3106.0,0.2465079365079365,-0.033657999999999993,0,nan
mnist,eps_greedy_eps0.5,0.7,0,2326.0,0.1846031746031746,-0.09791,0,nan
mnist,eps_greedy_eps0.5,0.7,1,2144.0,0.17015873015873015,-0.09792,0,nan
mnist,eps_greedy_eps0.5,0.7,2,2712.5,0.2152777777777778,-0.09460099999999999,0,nan
mnist,eps_greedy_eps0.5,0.7,3,2906.5,0.23067460317460317,-0.08176699999999999,0,nan
mnist,eps_greedy_eps0.5,0.7,4,2511.0,0.1992857142857143,0.016252000000000016,1,4358.85142236842
mnist,eps_greedy_eps0.5,0.9,0,2389.5,0.18964285714285714,-0.122652,0,nan
mnist,eps_greedy_eps0.5,0.9,1,2681.0,0.2127777777777778,-0.12789499999999998,0,nan
mnist,eps_greedy_eps0.5,0.9,2,2437.0,0.19341269841269842,-0.12318599999999999,0,nan
mnist,eps_greedy_eps0.5,0.9,3,2087.0,0.16563492063492063,-0.122483,0,nan
mnist,eps_greedy_eps0.5,0.9,4,3005.5,0.23853174603174604,0.10400899999999999,1,106.42504716977557
mnist,greedy_entropy,0.5,0,2152.0,0.1707936507936508,-0.085023,0,nan
mnist,greedy_entropy,0.5,1,1580.0,0.1253968253968254,-0.073515,0,nan
mnist,greedy_entropy,0.5,2,2696.5,0.2140079365079365,-0.08501199999999999,0,nan
mnist,greedy_entropy,0.5,3,2951.5,0.23424603174603176,-0.079541,0,nan
mnist,greedy_entropy,0.5,4,3220.0,0.25555555555555554,-0.040215,0,nan
mnist,greedy_entropy,0.7,0,2111.0,0.16753968253968254,-0.09010099999999999,0,nan
mnist,greedy_entropy,0.7,1,3119.0,0.24753968253968253,-0.091833,0,nan
mnist,greedy_entropy,0.7,2,2038.0,0.16174603174603175,-0.08654099999999999,0,nan
mnist,greedy_entropy,0.7,3,2644.0,0.20984126984126983,-0.077342,0,nan
mnist,greedy_entropy,0.7,4,2688.0,0.21333333333333335,-0.012942999999999982,0,nan
mnist,greedy_entropy,0.9,0,2453.0,0.19468253968253968,-0.11030299999999998,0,nan
mnist,greedy_entropy,0.9,1,2576.0,0.20444444444444446,-0.109626,0,nan
mnist,greedy_entropy,0.9,2,2745.0,0.21785714285714286,-0.11505299999999999,0,nan
mnist,greedy_entropy,0.9,3,2086.5,0.1655952380952381,-0.12314599999999999,0,nan
mnist,greedy_entropy,0.9,4,2739.5,0.21742063492063493,0.08827000000000002,1,147.76087011643313
mnist,greedy_entropy,0.5,0,1572.5,0.1248015873015873,-0.11127400000000001,0,nan
mnist,greedy_entropy,0.5,1,3270.0,0.25952380952380955,-0.10619400000000001,0,nan
mnist,greedy_entropy,0.5,2,1423.0,0.11293650793650793,-0.10898300000000001,0,nan
mnist,greedy_entropy,0.5,3,2289.0,0.18166666666666667,-0.100193,0,nan
mnist,greedy_entropy,0.5,4,4045.5,0.32107142857142856,-0.03872300000000001,0,nan
mnist,greedy_entropy,0.7,0,1846.0,0.1465079365079365,-0.12083400000000001,0,nan
mnist,greedy_entropy,0.7,1,1757.5,0.139484126984127,-0.10342200000000001,0,nan
mnist,greedy_entropy,0.7,2,2978.0,0.23634920634920634,-0.13081800000000002,0,nan
mnist,greedy_entropy,0.7,3,2271.0,0.18023809523809523,-0.09854500000000001,0,nan
mnist,greedy_entropy,0.7,4,3747.5,0.2974206349206349,-0.011918000000000012,0,nan
mnist,greedy_entropy,0.9,0,1650.5,0.1309920634920635,-0.14725000000000002,0,nan
mnist,greedy_entropy,0.9,1,1937.5,0.15376984126984128,-0.151422,0,nan
mnist,greedy_entropy,0.9,2,2546.0,0.20206349206349206,-0.147173,0,nan
mnist,greedy_entropy,0.9,3,2567.0,0.20373015873015873,-0.143132,0,nan
mnist,greedy_entropy,0.9,4,3899.0,0.30944444444444447,0.057483000000000006,1,348.42302088729053
mnist,greedy_entropy,0.5,0,2049.0,0.1626190476190476,-0.06533499999999999,0,nan
mnist,greedy_entropy,0.5,1,1480.0,0.11746031746031746,-0.070907,0,nan
mnist,greedy_entropy,0.5,2,2943.5,0.2336111111111111,-0.07114,0,nan
mnist,greedy_entropy,0.5,3,3236.0,0.25682539682539685,-0.053100999999999995,0,nan
mnist,greedy_entropy,0.5,4,2891.5,0.22948412698412698,-0.024148000000000003,0,nan
mnist,greedy_entropy,0.7,0,1511.0,0.11992063492063491,-0.070324,0,nan
mnist,greedy_entropy,0.7,1,2729.5,0.21662698412698414,-0.081038,0,nan
mnist,greedy_entropy,0.7,2,2676.0,0.2123809523809524,-0.077133,0,nan
mnist,greedy_entropy,0.7,3,2906.5,0.23067460317460317,-0.057461,0,nan
mnist,greedy_entropy,0.7,4,2777.0,0.2203968253968254,0.004130999999999996,1,67464.49954366239
mnist,greedy_entropy,0.9,0,2200.0,0.1746031746031746,-0.09448399999999998,0,nan
mnist,greedy_entropy,0.9,1,3336.0,0.26476190476190475,-0.091441,0,nan
mnist,greedy_entropy,0.9,2,2523.5,0.20027777777777778,-0.09953999999999999,0,nan
mnist,greedy_entropy,0.9,3,1944.0,0.15428571428571428,-0.10280299999999999,0,nan
mnist,greedy_entropy,0.9,4,2596.5,0.20607142857142857,0.10794499999999999,1,98.80538885719697
mnist,random,0.5,0,2011.0,0.1596031746031746,-0.09351699999999999,0,nan
mnist,random,0.5,1,2292.0,0.1819047619047619,-0.09817499999999998,0,nan
mnist,random,0.5,2,3100.0,0.24603174603174602,-0.080122,0,nan
mnist,random,0.5,3,2265.5,0.1798015873015873,-0.071754,0,nan
mnist,random,0.5,4,2931.5,0.23265873015873015,-0.023208000000000006,0,nan
mnist,random,0.7,0,2446.5,0.19416666666666665,-0.11638,0,nan
mnist,random,0.7,1,2106.0,0.16714285714285715,-0.10846499999999999,0,nan
mnist,random,0.7,2,2988.0,0.23714285714285716,-0.100683,0,nan
mnist,random,0.7,3,2306.5,0.18305555555555555,-0.08357099999999999,0,nan
mnist,random,0.7,4,2753.0,0.2184920634920635,0.04309000000000002,1,620.0585564067749
mnist,random,0.9,0,2205.0,0.175,-0.137709,0,nan
mnist,random,0.9,1,2894.5,0.22972222222222222,-0.13369599999999998,0,nan
mnist,random,0.9,2,2297.0,0.1823015873015873,-0.134051,0,nan
mnist,random,0.9,3,1666.5,0.13226190476190477,-0.128279,0,nan
mnist,random,0.9,4,3537.0,0.2807142857142857,0.09594,1,125.0795369440414
mnist,random,0.5,0,1608.5,0.12765873015873017,-0.11922700000000001,0,nan
mnist,random,0.5,1,2376.5,0.18861111111111112,-0.12501600000000002,0,nan
mnist,random,0.5,2,2257.5,0.17916666666666667,-0.11250500000000001,0,nan
mnist,random,0.5,3,2981.5,0.23662698412698413,-0.08188900000000002,0,nan
mnist,random,0.5,4,3376.0,0.2679365079365079,-0.022763000000000005,0,nan
mnist,random,0.7,0,1807.0,0.1434126984126984,-0.148952,0,nan
mnist,random,0.7,1,1863.0,0.14785714285714285,-0.141827,0,nan
mnist,random,0.7,2,2689.5,0.21345238095238095,-0.11978100000000001,0,nan
mnist,random,0.7,3,2642.0,0.2096825396825397,-0.09098800000000001,0,nan
mnist,random,0.7,4,3598.5,0.28559523809523807,0.009881000000000001,1,11791.90290268406
mnist,random,0.9,0,1719.5,0.13646825396825396,-0.180807,0,nan
mnist,random,0.9,1,2158.5,0.1713095238095238,-0.169719,0,nan
mnist,random,0.9,2,2127.0,0.1688095238095238,-0.156207,0,nan
mnist,random,0.9,3,1919.0,0.1523015873015873,-0.15932300000000002,0,nan
mnist,random,0.9,4,4676.0,0.3711111111111111,0.05757099999999998,1,347.3586727859831
mnist,random,0.5,0,2623.0,0.20817460317460318,-0.08630099999999999,0,nan
mnist,random,0.5,1,2530.0,0.2007936507936508,-0.07234199999999999,0,nan
mnist,random,0.5,2,2931.5,0.23265873015873015,-0.061230999999999994,0,nan
mnist,random,0.5,3,2395.0,0.19007936507936507,-0.045924999999999994,0,nan
mnist,random,0.5,4,2120.5,0.1682936507936508,0.0038910000000000056,1,76043.69852689197
mnist,random,0.7,0,2722.0,0.21603174603174602,-0.10498099999999999,0,nan
mnist,random,0.7,1,2580.0,0.20476190476190476,-0.086726,0,nan
mnist,random,0.7,2,2708.0,0.21492063492063493,-0.07675,0,nan
mnist,random,0.7,3,2263.5,0.17964285714285713,-0.05184499999999999,0,nan
mnist,random,0.7,4,2326.5,0.18464285714285714,0.06306600000000001,1,289.4643738617223
mnist,random,0.9,0,2903.5,0.23043650793650794,-0.133269,0,nan
mnist,random,0.9,1,2330.0,0.18492063492063493,-0.12155099999999999,0,nan
mnist,random,0.9,2,2359.5,0.18726190476190477,-0.113938,0,nan
mnist,random,0.9,3,1356.5,0.10765873015873016,-0.116519,0,nan
mnist,random,0.9,4,3650.5,0.2897222222222222,0.11629799999999998,1,85.1218787991262
mnist[margin],greedy_entropy,0.5,0,1770.0,0.14047619047619048,-0.08956599999999999,0,nan
mnist[margin],greedy_entropy,0.5,1,2653.5,0.21059523809523809,-0.085224,0,nan
mnist[margin],greedy_entropy,0.5,2,3043.0,0.2415079365079365,-0.088478,0,nan
mnist[margin],greedy_entropy,0.5,3,2441.0,0.19373015873015872,-0.07601799999999999,0,nan
mnist[margin],greedy_entropy,0.5,4,2692.5,0.21369047619047618,-0.019700999999999996,0,nan
mnist[margin],greedy_entropy,0.7,0,2310.5,0.18337301587301588,-0.09487499999999999,0,nan
mnist[margin],greedy_entropy,0.7,1,2652.5,0.21051587301587302,-0.09983999999999998,0,nan
mnist[margin],greedy_entropy,0.7,2,2252.0,0.17873015873015874,-0.09237799999999999,0,nan
mnist[margin],greedy_entropy,0.7,3,2785.0,0.22103174603174602,-0.08172399999999999,0,nan
mnist[margin],greedy_entropy,0.7,4,2600.0,0.20634920634920634,0.010909000000000002,1,9674.21666169891
mnist[margin],greedy_entropy,0.9,0,2388.5,0.18956349206349207,-0.114574,0,nan
mnist[margin],greedy_entropy,0.9,1,2663.0,0.21134920634920634,-0.118056,0,nan
mnist[margin],greedy_entropy,0.9,2,2687.0,0.21325396825396825,-0.13755699999999998,0,nan
mnist[margin],greedy_entropy,0.9,3,711.5,0.056468253968253966,-0.140667,0,nan
mnist[margin],greedy_entropy,0.9,4,4150.0,0.32936507936507936,0.043866000000000016,1,598.3146329084349
tabular-MiniBooNE,eps_greedy_eps0.25,0.5,1,23411.5,1.0,-0.06869399999999999,0,nan
tabular-MiniBooNE,eps_greedy_eps0.25,0.7,1,23411.5,1.0,-0.06869399999999999,0,nan
tabular-MiniBooNE,eps_greedy_eps0.25,0.9,0,4113.0,0.17568289088695727,-0.129447,0,nan
tabular-MiniBooNE,eps_greedy_eps0.25,0.9,1,5146.0,0.21980650534993487,-0.119906,0,nan
tabular-MiniBooNE,eps_greedy_eps0.25,0.9,2,4707.0,0.20105503705443906,-0.097662,0,nan
tabular-MiniBooNE,eps_greedy_eps0.25,0.9,3,4733.0,0.20216560237490122,-0.084947,0,nan
tabular-MiniBooNE,eps_greedy_eps0.25,0.9,4,4712.5,0.20128996433376758,0.075214,1,203.51120300117907
tabular-MiniBooNE,eps_greedy_eps0.5,0.5,1,23411.5,1.0,-0.06869399999999999,0,nan
tabular-MiniBooNE,eps_greedy_eps0.5,0.7,1,23411.5,1.0,-0.06869399999999999,0,nan
tabular-MiniBooNE,eps_greedy_eps0.5,0.9,0,4156.5,0.17754095209619206,-0.124087,0,nan
tabular-MiniBooNE,eps_greedy_eps0.5,0.9,1,4062.0,0.17350447429681995,-0.119387,0,nan
tabular-MiniBooNE,eps_greedy_eps0.5,0.9,2,5261.5,0.2247399782158341,-0.103096,0,nan
tabular-MiniBooNE,eps_greedy_eps0.5,0.9,3,5365.5,0.22918223949768277,-0.08592999999999999,0,nan
tabular-MiniBooNE,eps_greedy_eps0.5,0.9,4,4566.0,0.19503235589347115,0.07597500000000001,1,199.4547004327353
tabular-MiniBooNE,greedy_entropy,0.5,1,23411.5,1.0,-0.06869399999999999,0,nan
tabular-MiniBooNE,greedy_entropy,0.7,1,23411.5,1.0,-0.06869399999999999,0,nan
tabular-MiniBooNE,greedy_entropy,0.9,0,3672.5,0.15686735151528095,-0.13602,0,nan
tabular-MiniBooNE,greedy_entropy,0.9,1,4431.5,0.1892873160626188,-0.12032999999999999,0,nan
tabular-MiniBooNE,greedy_entropy,0.9,2,4761.5,0.2033829528223309,-0.099379,0,nan
tabular-MiniBooNE,greedy_entropy,0.9,3,5956.0,0.25440488648741005,-0.083796,0,nan
tabular-MiniBooNE,greedy_entropy,0.9,4,4590.0,0.19605749311235932,0.076189,1,198.3358155185491
tabular-MiniBooNE,greedy_entropy,0.5,1,23411.5,1.0,-0.067343,0,nan
tabular-MiniBooNE,greedy_entropy,0.7,1,23411.5,1.0,-0.067343,0,nan
tabular-MiniBooNE,greedy_entropy,0.9,0,592.0,0.02528671806590778,-0.13738799999999998,0,nan
tabular-MiniBooNE,greedy_entropy,0.9,1,5255.5,0.22448369391111206,-0.137135,0,nan
tabular-MiniBooNE,greedy_entropy,0.9,2,7656.5,0.3270401298507144,-0.09909499999999999,0,nan
tabular-MiniBooNE,greedy_entropy,0.9,3,5214.0,0.2227110608034513,-0.07033199999999999,0,nan
tabular-MiniBooNE,greedy_entropy,0.9,4,4693.5,0.20047839736881448,0.06559600000000002,1,267.56603232584087
tabular-MiniBooNE,greedy_entropy,0.5,1,23411.5,1.0,-0.06313999999999999,0,nan
tabular-MiniBooNE,greedy_entropy,0.7,1,23411.5,1.0,-0.06313999999999999,0,nan
tabular-MiniBooNE,greedy_entropy,0.9,0,1229.0,0.052495568417230846,-0.130852,0,nan
tabular-MiniBooNE,greedy_entropy,0.9,1,7537.0,0.3219358007816671,-0.13091999999999998,0,nan
tabular-MiniBooNE,greedy_entropy,0.9,2,2768.0,0.11823249257843367,-0.101765,0,nan
tabular-MiniBooNE,greedy_entropy,0.9,3,7134.5,0.3047433953398971,-0.074017,0,nan
tabular-MiniBooNE,greedy_entropy,0.9,4,4743.0,0.2025927428827713,0.0917,1,136.91373611701698
tabular-MiniBooNE,random,0.5,1,23411.5,1.0,-0.06869399999999999,0,nan
tabular-MiniBooNE,random,0.7,1,23411.5,1.0,-0.06869399999999999,0,nan
tabular-MiniBooNE,random,0.9,0,3007.0,0.1284411507165282,-0.11036599999999999,0,nan
tabular-MiniBooNE,random,0.9,1,5594.0,0.23894240010251372,-0.11330599999999999,0,nan
tabular-MiniBooNE,random,0.9,2,5302.0,0.22646989727270786,-0.10491299999999999,0,nan
tabular-MiniBooNE,random,0.9,3,4796.0,0.20485658757448263,-0.09540699999999999,0,nan
tabular-MiniBooNE,random,0.9,4,4712.5,0.20128996433376758,0.06808,1,248.3971444255943
tabular-MiniBooNE,random,0.5,1,23411.5,1.0,-0.067343,0,nan
tabular-MiniBooNE,random,0.7,1,23411.5,1.0,-0.067343,0,nan
tabular-MiniBooNE,random,0.9,0,3988.0,0.17034363453858148,-0.11343199999999999,0,nan
tabular-MiniBooNE,random,0.9,1,4841.0,0.2067787198598979,-0.112458,0,nan
tabular-MiniBooNE,random,0.9,2,5447.0,0.2326634346368238,-0.10930599999999999,0,nan
tabular-MiniBooNE,random,0.9,3,4555.0,0.1945625013348141,-0.098035,0,nan
tabular-MiniBooNE,random,0.9,4,4580.5,0.19565170962988274,0.09005099999999999,1,141.9739329035517
tabular-MiniBooNE,random,0.5,1,23411.5,1.0,-0.06313999999999999,0,nan
tabular-MiniBooNE,random,0.7,1,23411.5,1.0,-0.06313999999999999,0,nan
tabular-MiniBooNE,random,0.9,0,4027.5,0.17203083954466822,-0.11746699999999999,0,nan
tabular-MiniBooNE,random,0.9,1,4327.0,0.18482369775537663,-0.111763,0,nan
tabular-MiniBooNE,random,0.9,2,5224.0,0.22313820131132137,-0.09924,0,nan
tabular-MiniBooNE,random,0.9,3,5117.0,0.21856779787711167,-0.08300199999999999,0,nan
tabular-MiniBooNE,random,0.9,4,4716.0,0.20143946351152212,0.078402,1,187.29725396465514
tabular-MiniBooNE[margin],greedy_entropy,0.5,1,5075.0,0.2167738077440574,-0.117407,0,nan
tabular-MiniBooNE[margin],greedy_entropy,0.5,2,7010.5,0.2994468530423083,-0.11446899999999999,0,nan
tabular-MiniBooNE[margin],greedy_entropy,0.5,3,4723.5,0.20175981889242467,-0.059246999999999994,0,nan
tabular-MiniBooNE[margin],greedy_entropy,0.5,4,6602.5,0.28201952032120964,0.004187999999999997,1,65640.5705080546
tabular-MiniBooNE[margin],greedy_entropy,0.7,0,865.5,0.03696901095615403,-0.121747,0,nan
tabular-MiniBooNE[margin],greedy_entropy,0.7,1,6947.5,0.29675586784272684,-0.128199,0,nan
tabular-MiniBooNE[margin],greedy_entropy,0.7,2,6242.0,0.26662110501249386,-0.09525399999999999,0,nan
tabular-MiniBooNE[margin],greedy_entropy,0.7,3,4129.0,0.17636631569954936,-0.06987399999999999,0,nan
tabular-MiniBooNE[margin],greedy_entropy,0.7,4,5227.5,0.22328770048907587,0.042824,1,627.7854302257617
tabular-MiniBooNE[margin],greedy_entropy,0.9,0,3216.5,0.13738974435640605,-0.135617,0,nan
tabular-MiniBooNE[margin],greedy_entropy,0.9,1,4019.0,0.17166777011297865,-0.130371,0,nan
tabular-MiniBooNE[margin],greedy_entropy,0.9,2,6910.5,0.2951754479636076,-0.125866,0,nan
tabular-MiniBooNE[margin],greedy_entropy,0.9,3,3126.0,0.13352412276018197,-0.102099,0,nan
tabular-MiniBooNE[margin],greedy_entropy,0.9,4,6139.5,0.2622429148068257,0.081894,1,171.66490785667742
tabular-adult,eps_greedy_eps0.25,0.5,1,8140.0,1.0,-0.053799000000000013,0,nan
tabular-adult,eps_greedy_eps0.25,0.7,1,8140.0,1.0,-0.053799000000000013,0,nan
tabular-adult,eps_greedy_eps0.25,0.9,1,4843.0,0.594963144963145,-0.15133000000000002,0,nan
tabular-adult,eps_greedy_eps0.25,0.9,2,166.5,0.020454545454545454,-0.167214,0,nan
tabular-adult,eps_greedy_eps0.25,0.9,3,3130.5,0.3845823095823096,0.098804,1,117.93335103114237
tabular-adult,eps_greedy_eps0.5,0.5,1,8140.0,1.0,-0.053799000000000013,0,nan
tabular-adult,eps_greedy_eps0.5,0.7,1,8140.0,1.0,-0.053799000000000013,0,nan
tabular-adult,eps_greedy_eps0.5,0.9,1,2726.0,0.3348894348894349,-0.15102000000000002,0,nan
tabular-adult,eps_greedy_eps0.5,0.9,2,2191.5,0.26922604422604424,-0.15122200000000002,0,nan
tabular-adult,eps_greedy_eps0.5,0.9,3,119.0,0.01461916461916462,-0.17703000000000002,0,nan
tabular-adult,eps_greedy_eps0.5,0.9,4,3103.5,0.3812653562653563,0.09854799999999997,1,118.54686224696806
tabular-adult,greedy_entropy,0.5,1,8140.0,1.0,-0.053799000000000013,0,nan
tabular-adult,greedy_entropy,0.7,1,8140.0,1.0,-0.053799000000000013,0,nan
tabular-adult,greedy_entropy,0.9,1,4856.5,0.5966216216216216,-0.151764,0,nan
tabular-adult,greedy_entropy,0.9,2,149.5,0.018366093366093367,-0.17409400000000003,0,nan
tabular-adult,greedy_entropy,0.9,3,3134.0,0.385012285012285,0.09957499999999997,1,116.11412742135735
tabular-adult,greedy_entropy,0.5,1,8140.0,1.0,-0.102162,0,nan
tabular-adult,greedy_entropy,0.7,1,8140.0,1.0,-0.102162,0,nan
tabular-adult,greedy_entropy,0.9,0,4346.5,0.533968058968059,-0.200092,0,nan
tabular-adult,greedy_entropy,0.9,2,590.5,0.07254299754299755,-0.18924,0,nan
tabular-adult,greedy_entropy,0.9,3,191.5,0.023525798525798527,-0.197546,0,nan
tabular-adult,greedy_entropy,0.9,4,3011.5,0.369963144963145,0.055593000000000004,1,372.51646364675054
tabular-adult,greedy_entropy,0.5,1,8140.0,1.0,-0.05768000000000001,0,nan
tabular-adult,greedy_entropy,0.7,1,8140.0,1.0,-0.05768000000000001,0,nan
tabular-adult,greedy_entropy,0.9,0,1794.5,0.22045454545454546,-0.139598,0,nan
tabular-adult,greedy_entropy,0.9,1,2804.5,0.34453316953316954,-0.13614900000000002,0,nan
tabular-adult,greedy_entropy,0.9,2,810.0,0.09950859950859951,-0.14038,0,nan
tabular-adult,greedy_entropy,0.9,3,2731.0,0.3355036855036855,0.09149399999999996,1,137.53095649749395
tabular-adult,random,0.5,1,8140.0,1.0,-0.053799000000000013,0,nan
tabular-adult,random,0.7,1,8140.0,1.0,-0.053799000000000013,0,nan
tabular-adult,random,0.9,0,1109.0,0.13624078624078625,-0.153582,0,nan
tabular-adult,random,0.9,1,1811.5,0.22254299754299756,-0.15143,0,nan
tabular-adult,random,0.9,2,1951.0,0.23968058968058967,-0.145678,0,nan
tabular-adult,random,0.9,3,246.5,0.030282555282555284,-0.14353700000000003,0,nan
tabular-adult,random,0.9,4,3022.0,0.3712530712530713,0.09862100000000001,1,118.37142865583412
tabular-adult,random,0.5,1,8140.0,1.0,-0.102162,0,nan
tabular-adult,random,0.7,1,8140.0,1.0,-0.102162,0,nan
tabular-adult,random,0.9,0,962.0,0.11818181818181818,-0.207056,0,nan
tabular-adult,random,0.9,1,2319.5,0.28495085995085995,-0.19714700000000002,0,nan
tabular-adult,random,0.9,2,1572.5,0.19318181818181818,-0.192216,0,nan
tabular-adult,random,0.9,3,309.0,0.03796068796068796,-0.200784,0,nan
tabular-adult,random,0.9,4,2977.0,0.36572481572481574,0.05399900000000002,1,394.8337407908758
tabular-adult,random,0.5,1,8140.0,1.0,-0.05768000000000001,0,nan
tabular-adult,random,0.7,1,8140.0,1.0,-0.05768000000000001,0,nan
tabular-adult,random,0.9,0,907.5,0.11148648648648649,-0.167083,0,nan
tabular-adult,random,0.9,1,1836.5,0.2256142506142506,-0.16082100000000002,0,nan
tabular-adult,random,0.9,2,2040.0,0.25061425061425063,-0.145956,0,nan
tabular-adult,random,0.9,3,306.0,0.037592137592137594,-0.151733,0,nan
tabular-adult,random,0.9,4,3050.0,0.3746928746928747,0.096835,1,122.77812004307403
tabular-adult[margin],greedy_entropy,0.5,1,8140.0,1.0,-0.053799000000000013,0,nan
tabular-adult[margin],greedy_entropy,0.7,1,4799.0,0.5895577395577396,-0.14816400000000002,0,nan
tabular-adult[margin],greedy_entropy,0.7,2,481.0,0.05909090909090909,-0.15277100000000002,0,nan
tabular-adult[margin],greedy_entropy,0.7,3,2860.0,0.35135135135135137,0.11565999999999999,1,86.06356207832829
tabular-adult[margin],greedy_entropy,0.9,0,1428.5,0.1754914004914005,-0.186338,0,nan
tabular-adult[margin],greedy_entropy,0.9,1,1558.0,0.1914004914004914,-0.171749,0,nan
tabular-adult[margin],greedy_entropy,0.9,2,1140.5,0.1401105651105651,-0.173827,0,nan
tabular-adult[margin],greedy_entropy,0.9,3,4013.0,0.492997542997543,0.06937399999999999,1,239.2170999378201
tabular-spambase,eps_greedy_eps0.25,0.5,1,828.0,1.0,-0.09840099999999999,0,nan
tabular-spambase,eps_greedy_eps0.25,0.7,0,157.5,0.19021739130434784,-0.13952499999999998,0,nan
tabular-spambase,eps_greedy_eps0.25,0.7,1,104.5,0.12620772946859904,-0.120207,0,nan
tabular-spambase,eps_greedy_eps0.25,0.7,2,222.0,0.26811594202898553,-0.12179899999999999,0,nan
tabular-spambase,eps_greedy_eps0.25,0.7,3,161.0,0.19444444444444445,-0.098077,0,nan
tabular-spambase,eps_greedy_eps0.25,0.7,4,183.0,0.2210144927536232,-0.066467,0,nan
tabular-spambase,eps_greedy_eps0.25,0.9,0,144.5,0.17451690821256038,-0.14982299999999998,0,nan
tabular-spambase,eps_greedy_eps0.25,0.9,1,203.0,0.24516908212560387,-0.13838799999999998,0,nan
tabular-spambase,eps_greedy_eps0.25,0.9,2,175.0,0.2113526570048309,-0.125658,0,nan
tabular-spambase,eps_greedy_eps0.25,0.9,3,152.5,0.18417874396135267,-0.111512,0,nan
tabular-spambase,eps_greedy_eps0.25,0.9,4,153.0,0.18478260869565216,0.00642100000000001,1,27924.1751381506
tabular-spambase,eps_greedy_eps0.5,0.5,1,828.0,1.0,-0.09840099999999999,0,nan
tabular-spambase,eps_greedy_eps0.5,0.7,0,158.5,0.19142512077294685,-0.128015,0,nan
tabular-spambase,eps_greedy_eps0.5,0.7,1,100.5,0.1213768115942029,-0.126445,0,nan
tabular-spambase,eps_greedy_eps0.5,0.7,2,244.0,0.2946859903381642,-0.11928599999999999,0,nan
tabular-spambase,eps_greedy_eps0.5,0.7,3,174.0,0.21014492753623187,-0.101993,0,nan
tabular-spambase,eps_greedy_eps0.5,0.7,4,151.0,0.1823671497584541,-0.06604499999999999,0,nan
tabular-spambase,eps_greedy_eps0.5,0.9,0,164.0,0.19806763285024154,-0.147503,0,nan
tabular-spambase,eps_greedy_eps0.5,0.9,1,222.0,0.26811594202898553,-0.13938499999999998,0,nan
tabular-spambase,eps_greedy_eps0.5,0.9,2,120.5,0.14553140096618358,-0.124195,0,nan
tabular-spambase,eps_greedy_eps0.5,0.9,3,148.5,0.1793478260869565,-0.113204,0,nan
tabular-spambase,eps_greedy_eps0.5,0.9,4,173.0,0.20893719806763286,-0.0066799999999999915,0,nan
tabular-spambase,greedy_entropy,0.5,1,828.0,1.0,-0.09840099999999999,0,nan
tabular-spambase,greedy_entropy,0.7,1,247.0,0.29830917874396135,-0.13436499999999998,0,nan
tabular-spambase,greedy_entropy,0.7,2,270.0,0.32608695652173914,-0.109732,0,nan
tabular-spambase,greedy_entropy,0.7,3,139.0,0.1678743961352657,-0.107736,0,nan
tabular-spambase,greedy_entropy,0.7,4,172.0,0.20772946859903382,-0.061051999999999995,0,nan
tabular-spambase,greedy_entropy,0.9,0,167.5,0.20229468599033817,-0.148938,0,nan
tabular-spambase,greedy_entropy,0.9,1,154.0,0.1859903381642512,-0.139286,0,nan
tabular-spambase,greedy_entropy,0.9,2,201.0,0.2427536231884058,-0.120863,0,nan
tabular-spambase,greedy_entropy,0.9,3,181.0,0.21859903381642512,-0.08733199999999999,0,nan
tabular-spambase,greedy_entropy,0.9,4,124.5,0.1503623188405797,-0.015640999999999988,0,nan
tabular-spambase,greedy_entropy,0.5,1,828.0,1.0,-0.097284,0,nan
tabular-spambase,greedy_entropy,0.7,0,160.5,0.19384057971014493,-0.130666,0,nan
tabular-spambase,greedy_entropy,0.7,1,66.5,0.08031400966183574,-0.149614,0,nan
tabular-spambase,greedy_entropy,0.7,2,273.5,0.3303140096618358,-0.131569,0,nan
tabular-spambase,greedy_entropy,0.7,3,157.5,0.19021739130434784,-0.086088,0,nan
tabular-spambase,greedy_entropy,0.7,4,170.0,0.20531400966183574,-0.04158099999999999,0,nan
tabular-spambase,greedy_entropy,0.9,0,177.5,0.2143719806763285,-0.144434,0,nan
tabular-spambase,greedy_entropy,0.9,1,178.5,0.21557971014492755,-0.126139,0,nan
tabular-spambase,greedy_entropy,0.9,2,101.5,0.12258454106280194,-0.133706,0,nan
tabular-spambase,greedy_entropy,0.9,3,170.5,0.20591787439613526,-0.136164,0,nan
tabular-spambase,greedy_entropy,0.9,4,200.0,0.24154589371980675,-0.010249000000000008,0,nan
tabular-spambase,greedy_entropy,0.5,1,828.0,1.0,-0.09895899999999999,0,nan
tabular-spambase,greedy_entropy,0.7,1,251.5,0.303743961352657,-0.139175,0,nan
tabular-spambase,greedy_entropy,0.7,2,106.5,0.1286231884057971,-0.12778299999999998,0,nan
tabular-spambase,greedy_entropy,0.7,3,264.0,0.3188405797101449,-0.098967,0,nan
tabular-spambase,greedy_entropy,0.7,4,206.0,0.24879227053140096,-0.06511199999999999,0,nan
tabular-spambase,greedy_entropy,0.9,0,116.5,0.14070048309178743,-0.146482,0,nan
tabular-spambase,greedy_entropy,0.9,1,147.0,0.17753623188405798,-0.143276,0,nan
tabular-spambase,greedy_entropy,0.9,2,234.5,0.2832125603864734,-0.128487,0,nan
tabular-spambase,greedy_entropy,0.9,3,174.5,0.2107487922705314,-0.094834,0,nan
tabular-spambase,greedy_entropy,0.9,4,155.5,0.18780193236714976,-0.025486999999999996,0,nan
tabular-spambase,random,0.5,1,828.0,1.0,-0.09840099999999999,0,nan
tabular-spambase,random,0.7,0,117.5,0.14190821256038647,-0.11697199999999999,0,nan
tabular-spambase,random,0.7,1,132.5,0.16002415458937197,-0.111766,0,nan
tabular-spambase,random,0.7,2,127.0,0.15338164251207728,-0.11637399999999999,0,nan
tabular-spambase,random,0.7,3,210.5,0.25422705314009664,-0.120248,0,nan
tabular-spambase,random,0.7,4,240.5,0.29045893719806765,-0.08846399999999999,0,nan
tabular-spambase,random,0.9,0,160.0,0.1932367149758454,-0.13750099999999998,0,nan
tabular-spambase,random,0.9,1,198.5,0.23973429951690822,-0.11843699999999999,0,nan
tabular-spambase,random,0.9,2,160.0,0.1932367149758454,-0.120887,0,nan
tabular-spambase,random,0.9,3,133.0,0.1606280193236715,-0.129465,0,nan
tabular-spambase,random,0.9,4,176.5,0.21316425120772947,-0.040528999999999996,0,nan
tabular-spambase,random,0.5,1,828.0,1.0,-0.097284,0,nan
tabular-spambase,random,0.7,0,110.0,0.13285024154589373,-0.138058,0,nan
tabular-spambase,random,0.7,1,223.0,0.2693236714975845,-0.110732,0,nan
tabular-spambase,random,0.7,2,137.5,0.16606280193236714,-0.092165,0,nan
tabular-spambase,random,0.7,3,137.0,0.16545893719806765,-0.127326,0,nan
tabular-spambase,random,0.7,4,220.5,0.266304347826087,-0.084821,0,nan
tabular-spambase,random,0.9,0,134.0,0.16183574879227053,-0.142621,0,nan
tabular-spambase,random,0.9,1,150.5,0.1817632850241546,-0.141284,0,nan
tabular-spambase,random,0.9,2,205.5,0.24818840579710144,-0.133068,0,nan
tabular-spambase,random,0.9,3,184.5,0.22282608695652173,-0.11379399999999999,0,nan
tabular-spambase,random,0.9,4,153.5,0.18538647342995168,0.008899000000000018,1,14537.953636331162
tabular-spambase,random,0.5,1,828.0,1.0,-0.09895899999999999,0,nan
tabular-spambase,random,0.7,0,130.5,0.15760869565217392,-0.10807699999999999,0,nan
tabular-spambase,random,0.7,1,146.5,0.17693236714975846,-0.12088499999999999,0,nan
tabular-spambase,random,0.7,2,207.0,0.25,-0.115762,0,nan
tabular-spambase,random,0.7,3,195.5,0.2361111111111111,-0.124167,0,nan
tabular-spambase,random,0.7,4,148.5,0.1793478260869565,-0.0705,0,nan
tabular-spambase,random,0.9,0,164.0,0.19806763285024154,-0.143975,0,nan
tabular-spambase,random,0.9,1,193.0,0.23309178743961353,-0.127942,0,nan
tabular-spambase,random,0.9,2,136.5,0.16485507246376813,-0.12160699999999999,0,nan
tabular-spambase,random,0.9,3,195.0,0.23550724637681159,-0.11996,0,nan
tabular-spambase,random,0.9,4,139.5,0.16847826086956522,-0.007667000000000007,0,nan
