cell,dataset,seed,policy,score,lambda_ref,stratum,stratum_rule,n_k,alpha,gamma,min_threshold_risk,argmin_lambda,n_argmin_thresholds,cost_at_argmin,full_feature_risk,threshold_curve_monotone,n_local_minima,gap_min_minus_alpha,family_p_value,threshold_verdict,min_depth_risk,argmin_depth,risk_at_T,cost_at_argmin_depth,depth_monotonicity_violations,depth_p_value,depth_verdict,is_primary
mnist/eps_greedy_eps0.25/ts0,mnist,0,eps_greedy_eps0.25,softmax,0.5,4,deepest precommitted nonempty,5351,0.15,0.05,0.12315455055129883,0.9595959595959597,5,43.57708839469258,0.12315455055129883,False,4,-0.026845449448701167,0.9999999925345465,feasible,0.12315455055129883,49,0.12315455055129883,49.0,1,0.9999999925345465,feasible,False
mnist/eps_greedy_eps0.25/ts0,mnist,0,eps_greedy_eps0.25,softmax,0.7,4,deepest precommitted nonempty,5426,0.15,0.05,0.1608920014743826,0.9494949494949496,1,46.274603759675635,0.1612605971249539,False,5,0.010892001474382601,0.013519104317792867,family-wide failure certified,0.1612605971249539,49,0.1612605971249539,49.0,0,0.011140438082364645,family-wide failure certified,False
mnist/eps_greedy_eps0.25/ts0,mnist,0,eps_greedy_eps0.25,softmax,0.9,4,deepest precommitted nonempty,5695,0.15,0.05,0.25320456540825287,0.9090909090909092,10,49.0,0.25320456540825287,False,5,0.10320456540825287,4.1010577267893574e-91,family-wide failure certified,0.25320456540825287,49,0.25320456540825287,49.0,0,4.1010577267893574e-91,family-wide failure certified,False
mnist/eps_greedy_eps0.5/ts0,mnist,0,eps_greedy_eps0.5,softmax,0.5,4,deepest precommitted nonempty,6212,0.15,0.05,0.12314874436574372,0.98989898989899,2,47.13860270444302,0.12314874436574372,True,3,-0.026851255634256277,0.999999999469505,feasible,0.12314874436574372,49,0.12314874436574372,49.0,0,0.999999999469505,feasible,False
mnist/eps_greedy_eps0.5/ts0,mnist,0,eps_greedy_eps0.5,softmax,0.7,4,deepest precommitted nonempty,5022,0.15,0.05,0.17502986857825567,0.9292929292929294,8,45.82277976901633,0.17502986857825567,False,5,0.025029868578255676,6.2639471262963e-07,family-wide failure certified,0.17502986857825567,49,0.17502986857825567,49.0,0,6.2639471262963e-07,family-wide failure certified,False
mnist/eps_greedy_eps0.5/ts0,mnist,0,eps_greedy_eps0.5,softmax,0.9,4,deepest precommitted nonempty,6011,0.15,0.05,0.26335052403926135,0.9090909090909092,10,49.0,0.26335052403926135,False,4,0.11335052403926135,4.416502717776924e-114,family-wide failure certified,0.26335052403926135,49,0.26335052403926135,49.0,0,4.416502717776924e-114,family-wide failure certified,False
mnist/greedy_entropy/ts0,mnist,0,greedy_entropy,softmax,0.5,4,deepest precommitted nonempty,6440,0.15,0.05,0.11614906832298137,0.9797979797979799,2,46.36475155279503,0.11630434782608695,False,4,-0.03385093167701862,0.9999999999999984,feasible,0.11630434782608695,49,0.11630434782608695,49.0,1,0.9999999999999979,feasible,False
mnist/greedy_entropy/ts0,mnist,0,greedy_entropy,softmax,0.7,4,deepest precommitted nonempty,5376,0.15,0.05,0.1449032738095238,0.9595959595959597,5,46.66127232142857,0.1449032738095238,False,4,-0.005096726190476186,0.8568577366473663,feasible,0.1449032738095238,49,0.1449032738095238,49.0,0,0.8568577366473663,feasible,False
mnist/greedy_entropy/ts0,mnist,0,greedy_entropy,softmax,0.9,4,deepest precommitted nonempty,5479,0.15,0.05,0.24785544807446613,0.9090909090909092,10,49.0,0.24785544807446613,False,4,0.09785544807446614,1.36921550028183e-79,family-wide failure certified,0.24785544807446613,49,0.24785544807446613,49.0,1,1.36921550028183e-79,family-wide failure certified,True
mnist/greedy_entropy/ts0[margin],mnist,0,greedy_entropy,margin,0.5,4,deepest precommitted nonempty,5385,0.15,0.05,0.13797585886722377,0.9494949494949496,6,47.32516248839369,0.13797585886722377,False,4,-0.012024141132776223,0.9940366804891108,feasible,0.13797585886722377,49,0.13797585886722377,49.0,0,0.9940366804891108,feasible,False
mnist/greedy_entropy/ts0[margin],mnist,0,greedy_entropy,margin,0.7,4,deepest precommitted nonempty,5200,0.15,0.05,0.16942307692307693,0.9393939393939394,7,47.973653846153844,0.16942307692307693,False,5,0.019423076923076932,6.096586693335673e-05,family-wide failure certified,0.16942307692307693,49,0.16942307692307693,49.0,0,6.096586693335673e-05,family-wide failure certified,False
mnist/greedy_entropy/ts0[margin],mnist,0,greedy_entropy,margin,0.9,4,deepest precommitted nonempty,8300,0.15,0.05,0.2010843373493976,0.9090909090909092,10,49.0,0.2010843373493976,True,2,0.0510843373493976,4.090423477224783e-36,family-wide failure certified,0.2010843373493976,49,0.2010843373493976,49.0,0,4.090423477224783e-36,family-wide failure certified,False
mnist/random/ts0,mnist,0,random,softmax,0.5,4,deepest precommitted nonempty,5863,0.15,0.05,0.13406106089032918,0.9696969696969697,4,46.43697765648985,0.13406106089032918,True,5,-0.015938939109670813,0.9997537499669857,feasible,0.13406106089032918,49,0.13406106089032918,49.0,0,0.9997537499669857,feasible,False
mnist/random/ts0,mnist,0,random,softmax,0.7,4,deepest precommitted nonempty,5506,0.15,0.05,0.2015982564475118,0.8989898989898991,2,46.827279331638216,0.20196149654921902,False,6,0.051598256447511814,4.85150007777177e-25,family-wide failure certified,0.20196149654921902,49,0.20196149654921902,49.0,0,2.350728163455303e-25,family-wide failure certified,False
mnist/random/ts0,mnist,0,random,softmax,0.9,4,deepest precommitted nonempty,7074,0.15,0.05,0.2544529262086514,0.8989898989898991,11,48.932428611817926,0.2544529262086514,True,3,0.1044529262086514,3.509508216929623e-115,family-wide failure certified,0.2544529262086514,49,0.2544529262086514,49.0,0,3.509508216929623e-115,family-wide failure certified,False
mnist/greedy_entropy/ts1,mnist,1,greedy_entropy,softmax,0.5,4,deepest precommitted nonempty,8091,0.2,0.05,0.16808799901124707,1.0,1,49.0,0.16808799901124707,False,3,-0.03191200098875294,0.9999999999998955,feasible,0.16808799901124707,49,0.16808799901124707,49.0,1,0.9999999999998955,feasible,False
mnist/greedy_entropy/ts1,mnist,1,greedy_entropy,softmax,0.7,4,deepest precommitted nonempty,7495,0.2,0.05,0.19559706470980653,1.0,1,49.0,0.19559706470980653,True,2,-0.004402935290193477,0.8332802043705964,feasible,0.19559706470980653,49,0.19559706470980653,49.0,0,0.8332802043705964,feasible,False
mnist/greedy_entropy/ts1,mnist,1,greedy_entropy,softmax,0.9,4,deepest precommitted nonempty,7798,0.2,0.05,0.26570915619389585,0.9090909090909092,10,48.980892536547834,0.26570915619389585,True,3,0.06570915619389583,1.0328930164305264e-44,family-wide failure certified,0.26570915619389585,49,0.26570915619389585,49.0,0,1.0328930164305264e-44,family-wide failure certified,False
mnist/random/ts1,mnist,1,random,softmax,0.5,4,deepest precommitted nonempty,6752,0.2,0.05,0.18498222748815166,0.9797979797979799,3,48.07064573459716,0.18498222748815166,True,5,-0.015017772511848354,0.9991184792416892,feasible,0.18498222748815166,49,0.18498222748815166,49.0,0,0.9991184792416892,feasible,False
mnist/random/ts1,mnist,1,random,softmax,0.7,4,deepest precommitted nonempty,7197,0.2,0.05,0.21786855634292066,0.9797979797979799,3,48.821314436570795,0.21786855634292066,True,5,0.017868556342920644,9.290848309103202e-05,family-wide failure certified,0.21786855634292066,49,0.21786855634292066,49.0,0,9.290848309103202e-05,family-wide failure certified,False
mnist/random/ts1,mnist,1,random,softmax,0.9,4,deepest precommitted nonempty,9352,0.2,0.05,0.2650769888793841,0.9090909090909092,10,49.0,0.2650769888793841,True,3,0.06507698887938407,2.8408643411137154e-52,family-wide failure certified,0.2650769888793841,49,0.2650769888793841,49.0,0,2.8408643411137154e-52,family-wide failure certified,False
mnist/greedy_entropy/ts2,mnist,2,greedy_entropy,softmax,0.5,4,deepest precommitted nonempty,5783,0.15,0.05,0.13314888466194016,1.0,1,49.0,0.13314888466194016,False,3,-0.01685111533805983,0.9998747452926656,feasible,0.13314888466194016,49,0.13314888466194016,49.0,1,0.9998747452926656,feasible,False
mnist/greedy_entropy/ts2,mnist,2,greedy_entropy,softmax,0.7,4,deepest precommitted nonempty,5554,0.15,0.05,0.16222542311847318,0.98989898989899,2,48.19139359020526,0.16222542311847318,False,6,0.012225423118473189,0.00603719623763175,family-wide failure certified,0.16222542311847318,49,0.16222542311847318,49.0,0,0.00603719623763175,family-wide failure certified,False
mnist/greedy_entropy/ts2,mnist,2,greedy_entropy,softmax,0.9,4,deepest precommitted nonempty,5193,0.15,0.05,0.268053148469093,0.9090909090909092,10,48.96726362410938,0.268053148469093,False,4,0.11805314846909301,1.785787832286744e-106,family-wide failure certified,0.268053148469093,49,0.268053148469093,49.0,1,1.785787832286744e-106,family-wide failure certified,False
mnist/random/ts2,mnist,2,random,softmax,0.5,4,deepest precommitted nonempty,4241,0.15,0.05,0.1631690639000236,0.9696969696969697,4,46.85310068380099,0.1631690639000236,True,4,0.013169063900023592,0.009190952476743789,family-wide failure certified,0.1631690639000236,49,0.1631690639000236,49.0,0,0.009190952476743789,family-wide failure certified,False
mnist/random/ts2,mnist,2,random,softmax,0.7,4,deepest precommitted nonempty,4653,0.15,0.05,0.22308188265635073,0.9696969696969697,4,48.54309047926069,0.22308188265635073,False,7,0.07308188265635074,6.0162652955265496e-40,family-wide failure certified,0.22308188265635073,49,0.22308188265635073,49.0,0,6.0162652955265496e-40,family-wide failure certified,False
mnist/random/ts2,mnist,2,random,softmax,0.9,4,deepest precommitted nonempty,7301,0.15,0.05,0.27489385015751266,0.9090909090909092,10,49.0,0.27489385015751266,True,3,0.12489385015751267,4.783899454955771e-165,family-wide failure certified,0.27489385015751266,49,0.27489385015751266,49.0,0,4.783899454955771e-165,family-wide failure certified,False
tabular-MiniBooNE/eps_greedy_eps0.25/ts0,tabular-MiniBooNE,0,eps_greedy_eps0.25,softmax,0.5,1,deepest precommitted nonempty,46823,0.15,0.05,0.08335647011084296,0.98989898989899,1,209.57722374942261,0.08339918416162997,False,2,-0.06664352988915703,1.0,feasible,0.08339918416162997,50,0.08339918416162997,341.0632155951181,2,1.0,feasible,False
tabular-MiniBooNE/eps_greedy_eps0.25/ts0,tabular-MiniBooNE,0,eps_greedy_eps0.25,softmax,0.7,1,deepest precommitted nonempty,46823,0.15,0.05,0.08335647011084296,0.98989898989899,1,209.57722374942261,0.08339918416162997,False,2,-0.06664352988915703,1.0,feasible,0.08339918416162997,50,0.08339918416162997,341.0632155951181,2,1.0,feasible,False
tabular-MiniBooNE/eps_greedy_eps0.25/ts0,tabular-MiniBooNE,0,eps_greedy_eps0.25,softmax,0.9,4,deepest precommitted nonempty,9425,0.15,0.05,0.23214854111405836,0.9191919191919192,2,325.1265360922225,0.2323607427055703,False,4,0.08214854111405837,6.506685968034752e-98,family-wide failure certified,0.2323607427055703,50,0.2323607427055703,341.0632155951181,6,2.2097970146770044e-98,family-wide failure certified,False
tabular-MiniBooNE/eps_greedy_eps0.5/ts0,tabular-MiniBooNE,0,eps_greedy_eps0.5,softmax,0.5,1,deepest precommitted nonempty,46823,0.15,0.05,0.08339918416162997,1.0,1,339.8161734538488,0.08339918416162997,True,2,-0.06660081583837002,1.0,feasible,0.08339918416162997,50,0.08339918416162997,341.0632155951181,4,1.0,feasible,False
tabular-MiniBooNE/eps_greedy_eps0.5/ts0,tabular-MiniBooNE,0,eps_greedy_eps0.5,softmax,0.7,1,deepest precommitted nonempty,46823,0.15,0.05,0.08339918416162997,1.0,1,339.8161734538488,0.08339918416162997,True,2,-0.06660081583837002,1.0,feasible,0.08339918416162997,50,0.08339918416162997,341.0632155951181,4,1.0,feasible,False
tabular-MiniBooNE/eps_greedy_eps0.5/ts0,tabular-MiniBooNE,0,eps_greedy_eps0.5,softmax,0.9,4,deepest precommitted nonempty,9132,0.15,0.05,0.23313622426631625,0.9191919191919192,1,325.6104032149315,0.23324572930354795,False,4,0.08313622426631626,4.6454564250086713e-97,family-wide failure certified,0.23324572930354795,50,0.23324572930354795,341.0632155951181,4,2.6930207042467963e-97,family-wide failure certified,False
tabular-MiniBooNE/greedy_entropy/ts0,tabular-MiniBooNE,0,greedy_entropy,softmax,0.5,1,deepest precommitted nonempty,46823,0.15,0.05,0.08339918416162997,1.0,1,339.8022964514639,0.08339918416162997,True,2,-0.06660081583837002,1.0,feasible,0.08339918416162997,50,0.08339918416162997,341.0632155951181,5,1.0,feasible,False
tabular-MiniBooNE/greedy_entropy/ts0,tabular-MiniBooNE,0,greedy_entropy,softmax,0.7,1,deepest precommitted nonempty,46823,0.15,0.05,0.08339918416162997,1.0,1,339.8022964514639,0.08339918416162997,True,2,-0.06660081583837002,1.0,feasible,0.08339918416162997,50,0.08339918416162997,341.0632155951181,5,1.0,feasible,False
tabular-MiniBooNE/greedy_entropy/ts0,tabular-MiniBooNE,0,greedy_entropy,softmax,0.9,4,deepest precommitted nonempty,9180,0.15,0.05,0.23344226579520697,0.9393939393939394,7,336.0371788259776,0.23344226579520697,True,4,0.08344226579520697,3.178314386914752e-98,family-wide failure certified,0.23344226579520697,50,0.23344226579520697,341.06321559511804,6,3.178314386914752e-98,family-wide failure certified,True
tabular-MiniBooNE/greedy_entropy/ts0[margin],tabular-MiniBooNE,0,greedy_entropy,margin,0.5,4,deepest precommitted nonempty,13205,0.15,0.05,0.15925785687239682,0.9696969696969697,1,300.9632771416631,0.15940931465354033,False,6,0.00925785687239683,0.0016115171356150294,family-wide failure certified,0.15940931465354033,50,0.15940931465354033,341.06321559511804,5,0.0013786708302654994,family-wide failure certified,False
tabular-MiniBooNE/greedy_entropy/ts0[margin],tabular-MiniBooNE,0,greedy_entropy,margin,0.7,4,deepest precommitted nonempty,10455,0.15,0.05,0.19923481587757055,1.0,1,341.06321559511804,0.19923481587757055,False,8,0.04923481587757056,4.9481989077821194e-42,family-wide failure certified,0.19923481587757055,49,0.19923481587757055,335.46072580444815,4,4.9481989077821194e-42,family-wide failure certified,False
tabular-MiniBooNE/greedy_entropy/ts0[margin],tabular-MiniBooNE,0,greedy_entropy,margin,0.9,4,deepest precommitted nonempty,12279,0.15,0.05,0.2382115807476179,0.9090909090909092,10,341.06321559511804,0.2382115807476179,True,3,0.0882115807476179,6.9784677229539e-145,family-wide failure certified,0.2382115807476179,50,0.2382115807476179,341.06321559511804,5,6.9784677229539e-145,family-wide failure certified,False
tabular-MiniBooNE/random/ts0,tabular-MiniBooNE,0,random,softmax,0.5,1,deepest precommitted nonempty,46823,0.15,0.05,0.08339918416162997,1.0,1,339.95424267180135,0.08339918416162997,True,2,-0.06660081583837002,1.0,feasible,0.08339918416162997,50,0.08339918416162997,341.0632155951181,0,1.0,feasible,False
tabular-MiniBooNE/random/ts0,tabular-MiniBooNE,0,random,softmax,0.7,1,deepest precommitted nonempty,46823,0.15,0.05,0.08339918416162997,1.0,1,339.95424267180135,0.08339918416162997,True,2,-0.06660081583837002,1.0,feasible,0.08339918416162997,50,0.08339918416162997,341.0632155951181,0,1.0,feasible,False
tabular-MiniBooNE/random/ts0,tabular-MiniBooNE,0,random,softmax,0.9,4,deepest precommitted nonempty,9425,0.15,0.05,0.22514588859416446,0.9494949494949496,6,336.8513092164643,0.22514588859416446,True,4,0.07514588859416446,5.106516850259887e-83,family-wide failure certified,0.22514588859416446,50,0.22514588859416446,341.0632155951181,0,5.106516850259887e-83,family-wide failure certified,False
tabular-MiniBooNE/greedy_entropy/ts1,tabular-MiniBooNE,1,greedy_entropy,softmax,0.5,1,deepest precommitted nonempty,46823,0.15,0.05,0.08474467676142067,0.98989898989899,1,209.03674598582856,0.08476603378681417,False,2,-0.06525532323857933,1.0,feasible,0.08476603378681417,50,0.08476603378681417,342.2820952322199,8,1.0,feasible,False
tabular-MiniBooNE/greedy_entropy/ts1,tabular-MiniBooNE,1,greedy_entropy,softmax,0.7,1,deepest precommitted nonempty,46823,0.15,0.05,0.08474467676142067,0.98989898989899,1,209.03674598582856,0.08476603378681417,False,2,-0.06525532323857933,1.0,feasible,0.08476603378681417,50,0.08476603378681417,342.2820952322199,8,1.0,feasible,False
tabular-MiniBooNE/greedy_entropy/ts1,tabular-MiniBooNE,1,greedy_entropy,softmax,0.9,4,deepest precommitted nonempty,9387,0.15,0.05,0.2226483434537126,0.98989898989899,2,342.10967813006283,0.2226483434537126,True,4,0.0726483434537126,1.1223982692930185e-77,family-wide failure certified,0.2226483434537126,50,0.2226483434537126,342.2820952322199,7,1.1223982692930185e-77,family-wide failure certified,False
tabular-MiniBooNE/random/ts1,tabular-MiniBooNE,1,random,softmax,0.5,1,deepest precommitted nonempty,46823,0.15,0.05,0.08476603378681417,1.0,1,341.57739257681015,0.08476603378681417,True,2,-0.06523396621318582,1.0,feasible,0.08476603378681417,50,0.08476603378681417,342.2820952322199,0,1.0,feasible,False
tabular-MiniBooNE/random/ts1,tabular-MiniBooNE,1,random,softmax,0.7,1,deepest precommitted nonempty,46823,0.15,0.05,0.08476603378681417,1.0,1,341.57739257681015,0.08476603378681417,True,2,-0.06523396621318582,1.0,feasible,0.08476603378681417,50,0.08476603378681417,342.2820952322199,0,1.0,feasible,False
tabular-MiniBooNE/random/ts1,tabular-MiniBooNE,1,random,softmax,0.9,4,deepest precommitted nonempty,9161,0.15,0.05,0.2474620674598843,0.9090909090909092,10,341.1164428171297,0.2474620674598843,True,3,0.09746206745988431,1.149609957686184e-130,family-wide failure certified,0.2474620674598843,50,0.2474620674598843,342.2820952322199,2,1.149609957686184e-130,family-wide failure certified,False
tabular-MiniBooNE/greedy_entropy/ts2,tabular-MiniBooNE,2,greedy_entropy,softmax,0.5,1,deepest precommitted nonempty,46823,0.15,0.05,0.0890160818401213,1.0,1,340.48670200971713,0.0890160818401213,True,2,-0.06098391815987869,1.0,feasible,0.0890160818401213,50,0.0890160818401213,341.7321950600408,5,1.0,feasible,False
tabular-MiniBooNE/greedy_entropy/ts2,tabular-MiniBooNE,2,greedy_entropy,softmax,0.7,1,deepest precommitted nonempty,46823,0.15,0.05,0.0890160818401213,1.0,1,340.48670200971713,0.0890160818401213,True,2,-0.06098391815987869,1.0,feasible,0.0890160818401213,50,0.0890160818401213,341.7321950600408,5,1.0,feasible,False
tabular-MiniBooNE/greedy_entropy/ts2,tabular-MiniBooNE,2,greedy_entropy,softmax,0.9,4,deepest precommitted nonempty,9486,0.15,0.05,0.24847143158338605,0.9090909090909092,1,282.27389085982014,0.24899852414083914,False,4,0.09847143158338606,7.94628417465382e-138,family-wide failure certified,0.24678473539953616,45,0.24899852414083914,311.85158401756337,11,1.7250016239596908e-133,family-wide failure certified,False
tabular-MiniBooNE/random/ts2,tabular-MiniBooNE,2,random,softmax,0.5,1,deepest precommitted nonempty,46823,0.15,0.05,0.0890160818401213,1.0,1,340.6199214168263,0.0890160818401213,True,2,-0.06098391815987869,1.0,feasible,0.0890160818401213,50,0.0890160818401213,341.7321950600408,0,1.0,feasible,False
tabular-MiniBooNE/random/ts2,tabular-MiniBooNE,2,random,softmax,0.7,1,deepest precommitted nonempty,46823,0.15,0.05,0.0890160818401213,1.0,1,340.6199214168263,0.0890160818401213,True,2,-0.06098391815987869,1.0,feasible,0.0890160818401213,50,0.0890160818401213,341.7321950600408,0,1.0,feasible,False
tabular-MiniBooNE/random/ts2,tabular-MiniBooNE,2,random,softmax,0.9,4,deepest precommitted nonempty,9432,0.15,0.05,0.23536895674300254,0.9191919191919192,1,331.6457479950917,0.23558100084817643,False,4,0.08536895674300254,3.2251513504454566e-105,family-wide failure certified,0.23558100084817643,50,0.23558100084817643,341.7321950600408,1,1.0567464752158372e-105,family-wide failure certified,False
tabular-adult/eps_greedy_eps0.25/ts0,tabular-adult,0,eps_greedy_eps0.25,softmax,0.5,1,deepest precommitted nonempty,16280,0.2,0.05,0.1507985257985258,1.0,1,95.08573314045547,0.1507985257985258,True,3,-0.04920147420147422,1.0,feasible,0.1507985257985258,14,0.1507985257985258,95.2779627559329,1,1.0,feasible,False
tabular-adult/eps_greedy_eps0.25/ts0,tabular-adult,0,eps_greedy_eps0.25,softmax,0.7,1,deepest precommitted nonempty,16280,0.2,0.05,0.1507985257985258,1.0,1,95.08573314045547,0.1507985257985258,True,3,-0.04920147420147422,1.0,feasible,0.1507985257985258,14,0.1507985257985258,95.2779627559329,1,1.0,feasible,False
tabular-adult/eps_greedy_eps0.25/ts0,tabular-adult,0,eps_greedy_eps0.25,softmax,0.9,3,deepest precommitted nonempty,6261,0.2,0.05,0.30825746685832933,0.8484848484848485,1,89.04201814307969,0.3084171857530746,False,5,0.10825746685832932,1.8310261821850253e-91,family-wide failure certified,0.3084171857530746,14,0.3084171857530746,95.27796275593289,1,1.0257174342577594e-91,family-wide failure certified,False
tabular-adult/eps_greedy_eps0.5/ts0,tabular-adult,0,eps_greedy_eps0.5,softmax,0.5,1,deepest precommitted nonempty,16280,0.2,0.05,0.1507985257985258,1.0,1,95.10733007299591,0.1507985257985258,True,3,-0.04920147420147422,1.0,feasible,0.1507985257985258,14,0.1507985257985258,95.2779627559329,1,1.0,feasible,False
tabular-adult/eps_greedy_eps0.5/ts0,tabular-adult,0,eps_greedy_eps0.5,softmax,0.7,1,deepest precommitted nonempty,16280,0.2,0.05,0.1507985257985258,1.0,1,95.10733007299591,0.1507985257985258,True,3,-0.04920147420147422,1.0,feasible,0.1507985257985258,14,0.1507985257985258,95.2779627559329,1,1.0,feasible,False
tabular-adult/eps_greedy_eps0.5/ts0,tabular-adult,0,eps_greedy_eps0.5,softmax,0.9,4,deepest precommitted nonempty,6207,0.2,0.05,0.3082004188819075,0.8989898989898991,11,95.17448271241847,0.3082004188819075,False,6,0.10820041888190751,1.3254252359915536e-90,family-wide failure certified,0.3082004188819075,14,0.3082004188819075,95.27796275593289,1,1.3254252359915536e-90,family-wide failure certified,False
tabular-adult/greedy_entropy/ts0,tabular-adult,0,greedy_entropy,softmax,0.5,1,deepest precommitted nonempty,16280,0.2,0.05,0.1507985257985258,1.0,1,95.10230725784915,0.1507985257985258,False,6,-0.04920147420147422,1.0,feasible,0.1507985257985258,14,0.1507985257985258,95.2779627559329,1,1.0,feasible,False
tabular-adult/greedy_entropy/ts0,tabular-adult,0,greedy_entropy,softmax,0.7,1,deepest precommitted nonempty,16280,0.2,0.05,0.1507985257985258,1.0,1,95.10230725784915,0.1507985257985258,False,6,-0.04920147420147422,1.0,feasible,0.1507985257985258,14,0.1507985257985258,95.2779627559329,1,1.0,feasible,False
tabular-adult/greedy_entropy/ts0,tabular-adult,0,greedy_entropy,softmax,0.9,3,deepest precommitted nonempty,6268,0.2,0.05,0.3090299936183791,0.8686868686868687,3,93.37512721627508,0.309189534141672,False,6,0.10902999361837906,8.733138398189605e-93,family-wide failure certified,0.309189534141672,14,0.309189534141672,95.27796275593289,1,4.8745709501276494e-93,family-wide failure certified,True
tabular-adult/greedy_entropy/ts0[margin],tabular-adult,0,greedy_entropy,margin,0.5,1,deepest precommitted nonempty,16280,0.2,0.05,0.1507985257985258,1.0,1,95.10463726589514,0.1507985257985258,False,16,-0.04920147420147422,1.0,feasible,0.1507985257985258,14,0.1507985257985258,95.2779627559329,1,1.0,feasible,False
tabular-adult/greedy_entropy/ts0[margin],tabular-adult,0,greedy_entropy,margin,0.7,3,deepest precommitted nonempty,5720,0.2,0.05,0.3258741258741259,0.6767676767676768,32,94.28118138421556,0.3258741258741259,False,10,0.1258741258741259,7.103943893294697e-111,family-wide failure certified,0.3258741258741259,14,0.3258741258741259,95.27796275593288,1,7.103943893294697e-111,family-wide failure certified,False
tabular-adult/greedy_entropy/ts0[margin],tabular-adult,0,greedy_entropy,margin,0.9,3,deepest precommitted nonempty,8026,0.2,0.05,0.2775978071268378,0.8989898989898991,11,95.19070306430795,0.2775978071268378,False,16,0.07759780712683778,1.353967685314748e-62,family-wide failure certified,0.2775978071268378,14,0.2775978071268378,95.27796275593292,1,1.353967685314748e-62,family-wide failure certified,False
tabular-adult/random/ts0,tabular-adult,0,random,softmax,0.5,1,deepest precommitted nonempty,16280,0.2,0.05,0.1507985257985258,1.0,1,95.07069774876682,0.1507985257985258,True,2,-0.04920147420147422,1.0,feasible,0.1507985257985258,14,0.1507985257985258,95.2779627559329,0,1.0,feasible,False
tabular-adult/random/ts0,tabular-adult,0,random,softmax,0.7,1,deepest precommitted nonempty,16280,0.2,0.05,0.1507985257985258,1.0,1,95.07069774876682,0.1507985257985258,True,2,-0.04920147420147422,1.0,feasible,0.1507985257985258,14,0.1507985257985258,95.2779627559329,0,1.0,feasible,False
tabular-adult/random/ts0,tabular-adult,0,random,softmax,0.9,4,deepest precommitted nonempty,6044,0.2,0.05,0.3084050297816016,0.9090909090909092,10,95.27796275593288,0.3084050297816016,True,3,0.1084050297816016,1.3648917067129054e-88,family-wide failure certified,0.3084050297816016,14,0.3084050297816016,95.27796275593288,0,1.3648917067129054e-88,family-wide failure certified,False
tabular-adult/greedy_entropy/ts1,tabular-adult,1,greedy_entropy,softmax,0.5,1,deepest precommitted nonempty,16280,0.25,0.05,0.15245700245700244,1.0,1,94.03133054139086,0.15245700245700244,True,3,-0.09754299754299756,1.0,feasible,0.15245700245700244,14,0.15245700245700244,94.21552786140265,2,1.0,feasible,False
tabular-adult/greedy_entropy/ts1,tabular-adult,1,greedy_entropy,softmax,0.7,1,deepest precommitted nonempty,16280,0.25,0.05,0.15245700245700244,1.0,1,94.03133054139086,0.15245700245700244,True,3,-0.09754299754299756,1.0,feasible,0.15245700245700244,14,0.15245700245700244,94.21552786140265,2,1.0,feasible,False
tabular-adult/greedy_entropy/ts1,tabular-adult,1,greedy_entropy,softmax,0.9,4,deepest precommitted nonempty,6023,0.25,0.05,0.31545741324921134,0.8686868686868687,14,92.07172531223883,0.31545741324921134,False,5,0.06545741324921134,1.6561067462188007e-30,family-wide failure certified,0.31545741324921134,14,0.31545741324921134,94.21552786140263,2,1.6561067462188007e-30,family-wide failure certified,False
tabular-adult/random/ts1,tabular-adult,1,random,softmax,0.5,1,deepest precommitted nonempty,16280,0.25,0.05,0.15245700245700244,1.0,1,94.01201429010412,0.15245700245700244,True,3,-0.09754299754299756,1.0,feasible,0.15245700245700244,14,0.15245700245700244,94.21552786140268,0,1.0,feasible,False
tabular-adult/random/ts1,tabular-adult,1,random,softmax,0.7,1,deepest precommitted nonempty,16280,0.25,0.05,0.15245700245700244,1.0,1,94.01201429010412,0.15245700245700244,True,3,-0.09754299754299756,1.0,feasible,0.15245700245700244,14,0.15245700245700244,94.21552786140268,0,1.0,feasible,False
tabular-adult/random/ts1,tabular-adult,1,random,softmax,0.9,4,deepest precommitted nonempty,5954,0.25,0.05,0.31373866308364123,0.8989898989898991,1,94.049418358143,0.3139066174000672,False,4,0.06373866308364123,9.508063491612882e-29,family-wide failure certified,0.3139066174000672,14,0.3139066174000672,94.21552786140266,0,6.914578392281911e-29,family-wide failure certified,False
tabular-adult/greedy_entropy/ts2,tabular-adult,2,greedy_entropy,softmax,0.5,1,deepest precommitted nonempty,16280,0.2,0.05,0.14686732186732188,1.0,1,93.27055033744968,0.14686732186732188,True,2,-0.053132678132678135,1.0,feasible,0.14686732186732188,14,0.14686732186732188,93.4265632000972,0,1.0,feasible,False
tabular-adult/greedy_entropy/ts2,tabular-adult,2,greedy_entropy,softmax,0.7,1,deepest precommitted nonempty,16280,0.2,0.05,0.14686732186732188,1.0,1,93.27055033744968,0.14686732186732188,True,2,-0.053132678132678135,1.0,feasible,0.14686732186732188,14,0.14686732186732188,93.4265632000972,0,1.0,feasible,False
tabular-adult/greedy_entropy/ts2,tabular-adult,2,greedy_entropy,softmax,0.9,3,deepest precommitted nonempty,5462,0.2,0.05,0.3017209813255218,0.9090909090909092,10,93.42656320009722,0.3017209813255218,False,4,0.10172098132552176,2.5750993344329564e-71,family-wide failure certified,0.3017209813255218,14,0.3017209813255218,93.42656320009722,1,2.5750993344329564e-71,family-wide failure certified,False
tabular-adult/random/ts2,tabular-adult,2,random,softmax,0.5,1,deepest precommitted nonempty,16280,0.2,0.05,0.14686732186732188,1.0,1,93.18704169942687,0.14686732186732188,False,5,-0.053132678132678135,1.0,feasible,0.14686732186732188,14,0.14686732186732188,93.42656320009722,0,1.0,feasible,False
tabular-adult/random/ts2,tabular-adult,2,random,softmax,0.7,1,deepest precommitted nonempty,16280,0.2,0.05,0.14686732186732188,1.0,1,93.18704169942687,0.14686732186732188,False,5,-0.053132678132678135,1.0,feasible,0.14686732186732188,14,0.14686732186732188,93.42656320009722,0,1.0,feasible,False
tabular-adult/random/ts2,tabular-adult,2,random,softmax,0.9,4,deepest precommitted nonempty,6100,0.2,0.05,0.30655737704918035,0.9090909090909092,10,93.4265632000972,0.30655737704918035,False,4,0.10655737704918034,1.4151052357275279e-86,family-wide failure certified,0.30655737704918035,14,0.30655737704918035,93.4265632000972,0,1.4151052357275279e-86,family-wide failure certified,False
tabular-spambase/eps_greedy_eps0.25/ts0,tabular-spambase,0,eps_greedy_eps0.25,softmax,0.5,1,deepest precommitted nonempty,1656,0.15,0.05,0.059178743961352656,0.98989898989899,1,225.53358606394778,0.06099033816425121,False,4,-0.09082125603864734,1.0,feasible,0.057367149758454104,56,0.06099033816425121,408.6980505930525,5,1.0,feasible,False
tabular-spambase/eps_greedy_eps0.25/ts0,tabular-spambase,0,eps_greedy_eps0.25,softmax,0.7,4,deepest precommitted nonempty,366,0.15,0.05,0.10655737704918032,0.9494949494949496,5,304.34046733803837,0.1092896174863388,False,8,-0.04344262295081967,0.993729800424387,feasible,0.10382513661202186,56,0.1092896174863388,408.479647718546,12,0.9960762616285598,feasible,False
tabular-spambase/eps_greedy_eps0.25/ts0,tabular-spambase,0,eps_greedy_eps0.25,softmax,0.9,4,deepest precommitted nonempty,306,0.15,0.05,0.19281045751633988,0.9494949494949496,6,397.45288035426375,0.19281045751633988,False,11,0.042810457516339884,0.024592178429562198,family-wide failure certified,0.17973856209150327,56,0.19281045751633988,408.5404084860465,16,0.0865886782865218,unresolved,False
tabular-spambase/eps_greedy_eps0.5/ts0,tabular-spambase,0,eps_greedy_eps0.5,softmax,0.5,1,deepest precommitted nonempty,1656,0.15,0.05,0.06038647342995169,0.9797979797979799,1,208.70462265610084,0.06099033816425121,False,6,-0.08961352657004831,1.0,feasible,0.057367149758454104,56,0.06099033816425121,407.9398394703881,9,1.0,feasible,False
tabular-spambase/eps_greedy_eps0.5/ts0,tabular-spambase,0,eps_greedy_eps0.5,softmax,0.7,4,deepest precommitted nonempty,302,0.15,0.05,0.11258278145695365,0.9191919191919192,6,270.0242243789746,0.11258278145695365,False,8,-0.037417218543046346,0.974927703020724,feasible,0.09933774834437085,54,0.11258278145695365,394.18509035494634,17,0.9962215435997346,feasible,False
tabular-spambase/eps_greedy_eps0.5/ts0,tabular-spambase,0,eps_greedy_eps0.5,softmax,0.9,4,deepest precommitted nonempty,346,0.15,0.05,0.17630057803468208,0.9797979797979799,3,401.8582406987402,0.17630057803468208,False,10,0.02630057803468208,0.09951699064714752,unresolved,0.15895953757225434,56,0.17630057803468208,407.67619604767054,19,0.3422911891403479,unresolved,False
tabular-spambase/greedy_entropy/ts0,tabular-spambase,0,greedy_entropy,softmax,0.5,1,deepest precommitted nonempty,1656,0.15,0.05,0.059178743961352656,0.98989898989899,1,215.23698572056438,0.06099033816425121,False,6,-0.09082125603864734,1.0,feasible,0.06099033816425121,57,0.06099033816425121,413.77665369817606,10,1.0,feasible,False
tabular-spambase/greedy_entropy/ts0,tabular-spambase,0,greedy_entropy,softmax,0.7,4,deepest precommitted nonempty,344,0.15,0.05,0.11627906976744186,1.0,1,407.32369554032226,0.11627906976744186,False,10,-0.033720930232558136,0.9695492825562712,feasible,0.11627906976744186,57,0.11627906976744186,413.7766536981759,11,0.9695492825562712,feasible,False
tabular-spambase/greedy_entropy/ts0,tabular-spambase,0,greedy_entropy,softmax,0.9,4,deepest precommitted nonempty,249,0.15,0.05,0.17269076305220885,0.8989898989898991,11,399.30902483578654,0.17269076305220885,False,9,0.02269076305220885,0.17935656493362384,unresolved,0.17269076305220885,56,0.17269076305220885,408.61065911051975,17,0.17935656493362384,unresolved,True
tabular-spambase/random/ts0,tabular-spambase,0,random,softmax,0.5,1,deepest precommitted nonempty,1656,0.15,0.05,0.059782608695652176,0.9292929292929294,2,194.02750223959615,0.06099033816425121,False,5,-0.09021739130434782,1.0,feasible,0.06099033816425121,57,0.06099033816425121,413.77665369817606,8,1.0,feasible,False
tabular-spambase/random/ts0,tabular-spambase,0,random,softmax,0.7,4,deepest precommitted nonempty,481,0.15,0.05,0.07484407484407485,0.9191919191919192,2,225.18744848905501,0.08108108108108109,False,9,-0.07515592515592515,0.999999825714009,feasible,0.07692307692307693,54,0.08108108108108109,392.1144638669606,12,0.9999996099226419,feasible,False
tabular-spambase/random/ts0,tabular-spambase,0,random,softmax,0.9,4,deepest precommitted nonempty,353,0.15,0.05,0.1388101983002833,0.9494949494949496,6,387.0362135144901,0.1388101983002833,False,7,-0.0111898016997167,0.7432690124318755,feasible,0.1388101983002833,57,0.1388101983002833,413.7766536981759,16,0.7432690124318755,feasible,False
tabular-spambase/greedy_entropy/ts1,tabular-spambase,1,greedy_entropy,softmax,0.5,1,deepest precommitted nonempty,1656,0.15,0.05,0.059178743961352656,0.9595959595959597,1,172.56629797576048,0.06219806763285024,False,9,-0.09082125603864734,1.0,feasible,0.06038647342995169,56,0.06219806763285024,420.1846023034688,15,1.0,feasible,False
tabular-spambase/greedy_entropy/ts1,tabular-spambase,1,greedy_entropy,softmax,0.7,4,deepest precommitted nonempty,340,0.15,0.05,0.1323529411764706,0.9292929292929294,2,360.8527905819784,0.13823529411764707,False,12,-0.017647058823529405,0.8382300188042027,feasible,0.12941176470588237,56,0.13823529411764707,420.15533327874726,11,0.8739592737344776,feasible,False
tabular-spambase/greedy_entropy/ts1,tabular-spambase,1,greedy_entropy,softmax,0.9,4,deepest precommitted nonempty,400,0.15,0.05,0.1675,0.9292929292929294,2,390.00905901077783,0.17,False,12,0.017500000000000016,0.18056208481261887,unresolved,0.165,56,0.17,420.08318011552797,14,0.21862042034183843,unresolved,False
tabular-spambase/random/ts1,tabular-spambase,1,random,softmax,0.5,1,deepest precommitted nonempty,1656,0.15,0.05,0.06219806763285024,0.9393939393939394,3,207.7979172414995,0.06219806763285024,False,5,-0.08780193236714975,1.0,feasible,0.06219806763285024,57,0.06219806763285024,425.4108049702108,5,1.0,feasible,False
tabular-spambase/random/ts1,tabular-spambase,1,random,softmax,0.7,4,deepest precommitted nonempty,441,0.15,0.05,0.08163265306122448,0.8989898989898991,2,247.42351208122616,0.08616780045351474,False,7,-0.06836734693877551,0.9999946806660378,feasible,0.08390022675736962,56,0.08616780045351474,418.23398374769346,15,0.9999891160938037,feasible,False
tabular-spambase/random/ts1,tabular-spambase,1,random,softmax,0.9,4,deepest precommitted nonempty,307,0.15,0.05,0.19218241042345277,0.9090909090909092,1,401.3192300777184,0.19543973941368079,False,11,0.042182410423452776,0.026096612619321703,family-wide failure certified,0.19543973941368079,57,0.19543973941368079,425.4108049702109,17,0.018268455055658408,family-wide failure certified,False
tabular-spambase/greedy_entropy/ts2,tabular-spambase,2,greedy_entropy,softmax,0.5,1,deepest precommitted nonempty,1656,0.15,0.05,0.059782608695652176,0.98989898989899,1,202.40595119101192,0.06038647342995169,False,9,-0.09021739130434782,1.0,feasible,0.06038647342995169,57,0.06038647342995169,408.07828004575117,10,1.0,feasible,False
tabular-spambase/greedy_entropy/ts2,tabular-spambase,2,greedy_entropy,softmax,0.7,4,deepest precommitted nonempty,412,0.15,0.05,0.10922330097087378,0.98989898989899,2,350.65766227236446,0.10922330097087378,False,8,-0.040776699029126215,0.9933380939713045,feasible,0.10922330097087378,56,0.10922330097087378,403.3004487448729,13,0.9933380939713045,feasible,False
tabular-spambase/greedy_entropy/ts2,tabular-spambase,2,greedy_entropy,softmax,0.9,4,deepest precommitted nonempty,311,0.15,0.05,0.15755627009646303,0.9797979797979799,3,383.629290729777,0.15755627009646303,False,11,0.007556270096463036,0.37804484811612166,unresolved,0.15755627009646303,57,0.15755627009646303,408.0782800457513,14,0.37804484811612166,unresolved,False
tabular-spambase/random/ts2,tabular-spambase,2,random,softmax,0.5,1,deepest precommitted nonempty,1656,0.15,0.05,0.06038647342995169,0.98989898989899,2,277.47511080807516,0.06038647342995169,True,3,-0.08961352657004831,1.0,feasible,0.059782608695652176,56,0.06038647342995169,400.963202735964,9,1.0,feasible,False
tabular-spambase/random/ts2,tabular-spambase,2,random,softmax,0.7,4,deepest precommitted nonempty,297,0.15,0.05,0.10437710437710437,0.9797979797979799,1,312.2518736139143,0.10774410774410774,False,10,-0.04562289562289562,0.9913057409199778,feasible,0.10774410774410774,55,0.10774410774410774,393.8303424975701,12,0.9860554197407706,feasible,False
tabular-spambase/random/ts2,tabular-spambase,2,random,softmax,0.9,4,deepest precommitted nonempty,279,0.15,0.05,0.17921146953405018,0.9797979797979799,3,395.21795992563403,0.17921146953405018,False,9,0.029211469534050183,0.10174665781083211,unresolved,0.17204301075268819,56,0.17921146953405018,401.182187064944,16,0.1711199656813039,unresolved,False
