n,q,Delta,risk,B,power,mc_lo,mc_hi,unresolved_frac,mean_n_k,p5_n_k,p95_n_k,theorem_sufficient_nq,nq,above_sufficient
500,0.02,0.01,0.16,5000,0.0378,0.032858699993149616,0.04345098974602999,0.0,10.0092,5.0,15.0,14978.661367769953,10.0,False
500,0.02,0.02,0.16999999999999998,5000,0.0458,0.040345840574710114,0.051951565482268196,0.0,9.9606,5.0,15.0,3744.6653419424883,10.0,False
500,0.02,0.05,0.2,5000,0.0788,0.07165111744051891,0.08659561842737906,0.0004,9.9208,5.0,15.0,599.146454710798,10.0,False
500,0.02,0.08,0.22999999999999998,5000,0.1238,0.11495854964474309,0.13321909051077263,0.0002,9.983,5.0,15.0,234.04158387140552,10.0,False
500,0.02,0.1,0.25,5000,0.1478,0.13823308366525058,0.15790770544366126,0.0,10.0112,5.0,15.0,149.7866136776995,10.0,False
500,0.02,0.15,0.3,5000,0.2578,0.245864417318529,0.2701074711601152,0.0,9.9778,5.0,15.0,66.5718283011998,10.0,False
500,0.02,0.0,0.15,5000,0.027,0.022857483632465987,0.03186878907768535,0.0,10.0092,5.0,15.0,,10.0,
500,0.02,-0.02,0.13,5000,0.0194,0.015929549086400117,0.02360839312184245,0.0,10.0338,5.0,16.0,,10.0,
500,0.05,0.01,0.16,5000,0.0518,0.04599374548571761,0.05829444780960974,0.0,25.0238,17.0,33.0,14978.661367769953,25.0,False
500,0.05,0.02,0.16999999999999998,5000,0.063,0.05659513927354656,0.07007585686669895,0.0,25.0136,17.0,33.0,3744.6653419424883,25.0,False
500,0.05,0.05,0.2,5000,0.1256,0.11670058306098505,0.13507429326603534,0.0,24.9798,17.0,33.0,599.146454710798,25.0,False
500,0.05,0.08,0.22999999999999998,5000,0.2222,0.21089242018035304,0.23393413068408686,0.0,24.9862,17.0,33.0,234.04158387140552,25.0,False
500,0.05,0.1,0.25,5000,0.3094,0.29673759914389564,0.32235505958455024,0.0,25.1158,17.0,33.0,149.7866136776995,25.0,False
500,0.05,0.15,0.3,5000,0.5196,0.5057416208956046,0.5334282840830021,0.0,25.0418,17.0,33.0,66.5718283011998,25.0,False
500,0.05,0.0,0.15,5000,0.0324,0.0278399055014477,0.03767807572321777,0.0,24.8824,17.0,33.0,,25.0,
500,0.05,-0.02,0.13,5000,0.0152,0.012161821505719159,0.018982569635679084,0.0,25.0552,17.0,33.0,,25.0,
500,0.1,0.01,0.16,5000,0.0542,0.048259516112472534,0.06082499207819442,0.0,49.9986,39.0,61.0,14978.661367769953,50.0,False
500,0.1,0.02,0.16999999999999998,5000,0.0854,0.07796805637104694,0.09346854545903498,0.0,50.1016,39.0,61.0,3744.6653419424883,50.0,False
500,0.1,0.05,0.2,5000,0.2058,0.1948216834164156,0.21723004899653692,0.0,50.1098,39.0,61.0,599.146454710798,50.0,False
500,0.1,0.08,0.22999999999999998,5000,0.3948,0.3813366684420439,0.4084248619789031,0.0,50.1752,40.0,61.0,234.04158387140552,50.0,False
500,0.1,0.1,0.25,5000,0.5174,0.503541054658337,0.5312322283328752,0.0,49.8232,39.0,61.0,149.7866136776995,50.0,False
500,0.1,0.15,0.3,5000,0.7784,0.7666765247697203,0.7896960030896749,0.0,49.918,39.0,62.0,66.5718283011998,50.0,False
500,0.1,0.0,0.15,5000,0.0348,0.03006648880812209,0.04024780731188299,0.0,49.9798,39.0,61.0,,50.0,
500,0.1,-0.02,0.13,5000,0.0124,0.009685341838572314,0.015863348591596382,0.0,49.9814,39.0,61.0,,50.0,
500,0.2,0.01,0.16,5000,0.0726,0.06573102048481834,0.08012523523678562,0.0,100.1916,86.0,114.0,14978.661367769953,100.0,False
500,0.2,0.02,0.16999999999999998,5000,0.116,0.10741713800247109,0.12517247874319087,0.0,100.3074,86.0,115.0,3744.6653419424883,100.0,False
500,0.2,0.05,0.2,5000,0.3454,0.332343070368566,0.3586943117899741,0.0,99.9888,85.0,115.0,599.146454710798,100.0,False
500,0.2,0.08,0.22999999999999998,5000,0.6248,0.6112883650203663,0.6381200095372935,0.0,100.1342,86.0,115.0,234.04158387140552,100.0,False
500,0.2,0.1,0.25,5000,0.7764,0.7646411412205055,0.7877344575594399,0.0,99.6914,85.0,114.0,149.7866136776995,100.0,False
500,0.2,0.15,0.3,5000,0.9662,0.9608220944942647,0.970862073925455,0.0,100.058,85.0,115.0,66.5718283011998,100.0,True
500,0.2,0.0,0.15,5000,0.0392,0.034164850879234925,0.044942689215559446,0.0,99.6838,85.0,114.0,,100.0,
500,0.2,-0.02,0.13,5000,0.011,0.008461131724304237,0.014289708350249683,0.0,99.8014,85.0,114.0,,100.0,
500,0.4,0.01,0.16,5000,0.0948,0.0869884018746821,0.10323376662881328,0.0,200.2766,182.0,219.0,14978.661367769953,200.0,False
500,0.4,0.02,0.16999999999999998,5000,0.1778,0.16745050100453412,0.18864422429612293,0.0,199.9986,182.0,218.0,3744.6653419424883,200.0,False
500,0.4,0.05,0.2,5000,0.5564,0.5425910801495271,0.570122319890954,0.0,200.3052,182.0,218.0,599.146454710798,200.0,False
500,0.4,0.08,0.22999999999999998,5000,0.8794,0.8700806030453243,0.8881368433262795,0.0,199.963,182.0,218.0,234.04158387140552,200.0,False
500,0.4,0.1,0.25,5000,0.9662,0.9608220944942647,0.970862073925455,0.0,199.9452,182.0,218.0,149.7866136776995,200.0,True
500,0.4,0.15,0.3,5000,0.9998,0.998867881829747,0.9999646951247276,0.0,200.0576,182.0,218.0,66.5718283011998,200.0,True
500,0.4,0.0,0.15,5000,0.0386,0.03360484048720849,0.04430362088375099,0.0,200.0888,182.0,218.0,,200.0,
500,0.4,-0.02,0.13,5000,0.0042,0.0027487533004756644,0.006412527903949351,0.0,200.0628,182.0,218.0,,200.0,
1000,0.02,0.01,0.16,5000,0.0388,0.03379147252038006,0.044516681758524385,0.0,20.0196,13.0,28.0,14978.661367769953,20.0,False
1000,0.02,0.02,0.16999999999999998,5000,0.0552,0.04920460920892601,0.06187836352146578,0.0,19.9,13.0,28.0,3744.6653419424883,20.0,False
1000,0.02,0.05,0.2,5000,0.115,0.10645119370593704,0.1241399585000001,0.0,19.9194,13.0,28.0,599.146454710798,20.0,False
1000,0.02,0.08,0.22999999999999998,5000,0.1856,0.17506627812913003,0.19661647058138068,0.0,20.0492,13.0,28.0,234.04158387140552,20.0,False
1000,0.02,0.1,0.25,5000,0.2546,0.24271634937420045,0.2668604525773242,0.0,20.008,13.0,28.0,149.7866136776995,20.0,False
1000,0.02,0.15,0.3,5000,0.4314,0.41772960537469866,0.44517572720017756,0.0,20.0722,13.0,28.0,66.5718283011998,20.0,False
1000,0.02,0.0,0.15,5000,0.0328,0.028210527541617497,0.03810683949893791,0.0,20.0088,13.0,27.0,,20.0,
1000,0.02,-0.02,0.13,5000,0.0132,0.010389403252556018,0.01675805880939255,0.0,19.8426,13.0,27.0,,20.0,
1000,0.05,0.01,0.16,5000,0.0488,0.04316669078972656,0.055126108886426266,0.0,50.0486,39.0,61.0,14978.661367769953,50.0,False
1000,0.05,0.02,0.16999999999999998,5000,0.0812,0.07394649514113477,0.08909655562210281,0.0,49.8266,39.0,61.0,3744.6653419424883,50.0,False
1000,0.05,0.05,0.2,5000,0.2068,0.19580082431465104,0.21824937263802632,0.0,49.8644,39.0,61.0,599.146454710798,50.0,False
1000,0.05,0.08,0.22999999999999998,5000,0.3814,0.3680321537457128,0.3949499518429214,0.0,49.9228,39.0,61.0,234.04158387140552,50.0,False
1000,0.05,0.1,0.25,5000,0.5156,0.5017407910861146,0.5294352557335927,0.0,50.0742,39.0,62.0,149.7866136776995,50.0,False
1000,0.05,0.15,0.3,5000,0.7836,0.771970339229363,0.7947942042366013,0.0,50.0052,39.0,62.0,66.5718283011998,50.0,False
1000,0.05,0.0,0.15,5000,0.0342,0.029509214219829064,0.03960600317634112,0.0,49.9364,39.0,61.0,,50.0,
1000,0.05,-0.02,0.13,5000,0.0144,0.011450896966502703,0.018094722543115668,0.0,49.8952,39.0,61.0,,50.0,
1000,0.1,0.01,0.16,5000,0.069,0.062300407664844036,0.07636137571375051,0.0,100.2508,85.0,116.0,14978.661367769953,100.0,False
1000,0.1,0.02,0.16999999999999998,5000,0.116,0.10741713800247109,0.12517247874319087,0.0,99.9488,85.0,116.0,3744.6653419424883,100.0,False
1000,0.1,0.05,0.2,5000,0.3456,0.332541117815812,0.35889595725067297,0.0,100.1668,85.0,116.0,599.146454710798,100.0,False
1000,0.1,0.08,0.22999999999999998,5000,0.623,0.6094770003072651,0.63633413807889,0.0,99.9064,85.0,116.0,234.04158387140552,100.0,False
1000,0.1,0.1,0.25,5000,0.7794,0.7676943611628184,0.7906766312363014,0.0,100.0578,85.0,115.0,149.7866136776995,100.0,False
1000,0.1,0.15,0.3,5000,0.9742,0.9694281148290672,0.9782437699084513,0.0,99.8582,84.0,116.0,66.5718283011998,100.0,True
1000,0.1,0.0,0.15,5000,0.0418,0.03659538520665388,0.04770816269142507,0.0,100.211,85.0,116.0,,100.0,
1000,0.1,-0.02,0.13,5000,0.0092,0.006904702346799829,0.012248901556249381,0.0,100.119,85.0,116.0,,100.0,
1000,0.2,0.01,0.16,5000,0.1004,0.09237399550187989,0.10903957442407461,0.0,200.1142,179.0,222.0,14978.661367769953,200.0,False
1000,0.2,0.02,0.16999999999999998,5000,0.1774,0.16706014803975935,0.18823519144500775,0.0,200.0032,179.0,221.0,3744.6653419424883,200.0,False
1000,0.2,0.05,0.2,5000,0.5568,0.5429920348140989,0.5705207510422718,0.0,200.0154,179.0,222.0,599.146454710798,200.0,False
1000,0.2,0.08,0.22999999999999998,5000,0.8794,0.8700806030453243,0.8881368433262795,0.0,199.879,179.0,221.0,234.04158387140552,200.0,False
1000,0.2,0.1,0.25,5000,0.9692,0.9640389949969586,0.9736405670419357,0.0,200.3618,180.0,221.0,149.7866136776995,200.0,True
1000,0.2,0.15,0.3,5000,0.9996,0.9985425830322826,0.9998903010142469,0.0,199.7382,180.0,221.0,66.5718283011998,200.0,True
1000,0.2,0.0,0.15,5000,0.04,0.034912057045320966,0.04579425468125328,0.0,200.1104,180.0,221.0,,200.0,
1000,0.2,-0.02,0.13,5000,0.0048,0.00322775763196324,0.007132602296296678,0.0,199.7566,179.0,221.0,,200.0,
1000,0.4,0.01,0.16,5000,0.1222,0.11341060134796016,0.13156949554399583,0.0,400.1818,375.0,426.0,14978.661367769953,400.0,False
1000,0.4,0.02,0.16999999999999998,5000,0.2814,0.26910692783674883,0.2940287237794015,0.0,399.9188,375.0,425.0,3744.6653419424883,400.0,False
1000,0.4,0.05,0.2,5000,0.8308,0.8201544340390613,0.8409376357019153,0.0,399.844,374.0,425.0,599.146454710798,400.0,False
1000,0.4,0.08,0.22999999999999998,5000,0.9918,0.9888953126285139,0.9939495480081618,0.0,400.1574,375.0,425.0,234.04158387140552,400.0,True
1000,0.4,0.1,0.25,5000,0.9996,0.9985425830322826,0.9998903010142469,0.0,400.2518,375.0,426.0,149.7866136776995,400.0,True
1000,0.4,0.15,0.3,5000,1.0,0.9992322698624194,1.0,0.0,399.7206,374.0,426.0,66.5718283011998,400.0,True
1000,0.4,0.0,0.15,5000,0.0488,0.04316669078972656,0.055126108886426266,0.0,400.083,375.0,425.0,,400.0,
1000,0.4,-0.02,0.13,5000,0.0012,0.0005500756587335479,0.002615811926516952,0.0,399.8442,374.0,426.0,,400.0,
2500,0.02,0.01,0.16,5000,0.0554,0.04939369774094005,0.0620889678973967,0.0,49.948,39.0,62.0,14978.661367769953,50.0,False
2500,0.02,0.02,0.16999999999999998,5000,0.0838,0.07643535426802546,0.0918037042984967,0.0,50.0116,39.0,62.0,3744.6653419424883,50.0,False
2500,0.02,0.05,0.2,5000,0.1968,0.18601419587126383,0.2080513556841651,0.0,49.7382,38.0,62.0,599.146454710798,50.0,False
2500,0.02,0.08,0.22999999999999998,5000,0.3846,0.3712083735605417,0.398168818555212,0.0,49.8498,39.0,62.0,234.04158387140552,50.0,False
2500,0.02,0.1,0.25,5000,0.5212,0.5073422014206586,0.535025246821508,0.0,50.0794,39.0,62.0,149.7866136776995,50.0,False
2500,0.02,0.15,0.3,5000,0.7916,0.7801199258828418,0.802632333900921,0.0,50.0626,39.0,62.0,66.5718283011998,50.0,False
2500,0.02,0.0,0.15,5000,0.037,0.032113193925819086,0.04259772418158064,0.0,50.1014,39.0,62.0,,50.0,
2500,0.02,-0.02,0.13,5000,0.0116,0.008984481447483776,0.014965437350905044,0.0,49.982,39.0,61.05000000000018,,50.0,
2500,0.05,0.01,0.16,5000,0.0828,0.0754778359842509,0.09076275804254644,0.0,124.9972,108.0,143.0,14978.661367769953,125.0,False
2500,0.05,0.02,0.16999999999999998,5000,0.1284,0.1194116317308093,0.13795894530744063,0.0,125.0236,107.95000000000002,143.0,3744.6653419424883,125.0,False
2500,0.05,0.05,0.2,5000,0.414,0.4004183597325347,0.42771368985112923,0.0,125.0226,108.0,143.0,599.146454710798,125.0,False
2500,0.05,0.08,0.22999999999999998,5000,0.7126,0.6998964964952932,0.7249770646502076,0.0,125.0844,108.0,143.0,234.04158387140552,125.0,False
2500,0.05,0.1,0.25,5000,0.869,0.859363746244569,0.8780696689138964,0.0,124.942,107.0,143.0,149.7866136776995,125.0,False
2500,0.05,0.15,0.3,5000,0.9902,0.9870683628167681,0.9925789545563478,0.0,125.0976,107.95000000000002,143.0,66.5718283011998,125.0,True
2500,0.05,0.0,0.15,5000,0.0392,0.034164850879234925,0.044942689215559446,0.0,125.0196,107.0,143.0,,125.0,
2500,0.05,-0.02,0.13,5000,0.007,0.005037604888092059,0.009719377027562506,0.0,125.1144,107.0,143.0,,125.0,
2500,0.1,0.01,0.16,5000,0.1072,0.09892432825050786,0.11607880054557555,0.0,249.6872,225.0,274.0,14978.661367769953,250.0,False
2500,0.1,0.02,0.16999999999999998,5000,0.1936,0.1828847701315025,0.20478569489680692,0.0,249.6742,226.0,274.0,3744.6653419424883,250.0,False
2500,0.1,0.05,0.2,5000,0.6508,0.6374748635827671,0.6638935890077388,0.0,249.9672,225.0,275.0,599.146454710798,250.0,False
2500,0.1,0.08,0.22999999999999998,5000,0.9378,0.9307634727631346,0.9441643027283997,0.0,250.2718,226.0,275.0,234.04158387140552,250.0,True
2500,0.1,0.1,0.25,5000,0.99,0.9868413590706434,0.9924062653945275,0.0,250.0418,226.0,274.0,149.7866136776995,250.0,True
2500,0.1,0.15,0.3,5000,1.0,0.9992322698624194,1.0,0.0,249.887,225.0,275.0,66.5718283011998,250.0,True
2500,0.1,0.0,0.15,5000,0.0422,0.0369698419843103,0.048133091729658586,0.0,250.3032,226.0,275.0,,250.0,
2500,0.1,-0.02,0.13,5000,0.0032,0.001970710595456084,0.005192106069244095,0.0,250.0218,225.0,275.0,,250.0,
2500,0.2,0.01,0.16,5000,0.147,0.13745571987792823,0.15708629759920376,0.0,499.9076,468.0,533.0,14978.661367769953,500.0,False
2500,0.2,0.02,0.16999999999999998,5000,0.3264,0.31354046282349224,0.3395260930802759,0.0,500.1062,468.0,533.0,3744.6653419424883,500.0,False
2500,0.2,0.05,0.2,5000,0.8992,0.890546037657191,0.9072410066009646,0.0,499.9554,467.0,533.0,599.146454710798,500.0,False
2500,0.2,0.08,0.22999999999999998,5000,0.9972,0.995305230694804,0.9983313384563857,0.0,499.8432,468.0,532.0,234.04158387140552,500.0,True
2500,0.2,0.1,0.25,5000,1.0,0.9992322698624194,1.0,0.0,499.6508,467.0,533.0,149.7866136776995,500.0,True
2500,0.2,0.15,0.3,5000,1.0,0.9992322698624194,1.0,0.0,499.7942,467.95000000000005,533.0,66.5718283011998,500.0,True
2500,0.2,0.0,0.15,5000,0.0454,0.03997022636788222,0.05152779387320616,0.0,499.947,467.0,533.0,,500.0,
2500,0.2,-0.02,0.13,5000,0.0018,0.0009472826989451401,0.0034176836101402633,0.0,500.1436,468.0,534.0,,500.0,
2500,0.4,0.01,0.16,5000,0.2172,0.20598996175724776,0.22884426640856792,0.0,1000.2796,960.0,1041.0,14978.661367769953,1000.0,False
2500,0.4,0.02,0.16999999999999998,5000,0.5096,0.4957412098379929,0.5234440497433658,0.0,999.633,960.0,1040.0,3744.6653419424883,1000.0,False
2500,0.4,0.05,0.2,5000,0.9936,0.9909792564944511,0.9954628403137293,0.0,1000.4784,962.0,1041.0,599.146454710798,1000.0,True
2500,0.4,0.08,0.22999999999999998,5000,1.0,0.9992322698624194,1.0,0.0,1000.4656,961.0,1041.0,234.04158387140552,1000.0,True
2500,0.4,0.1,0.25,5000,1.0,0.9992322698624194,1.0,0.0,1000.44,961.0,1039.0,149.7866136776995,1000.0,True
2500,0.4,0.15,0.3,5000,1.0,0.9992322698624194,1.0,0.0,1000.3832,960.0,1039.0,66.5718283011998,1000.0,True
2500,0.4,0.0,0.15,5000,0.0436,0.038281495819987015,0.04961928824959665,0.0,998.7208,959.0,1039.0,,1000.0,
2500,0.4,-0.02,0.13,5000,0.0004,0.0001096989857531115,0.001457416967717518,0.0,999.7298,958.0,1039.0,,1000.0,
5000,0.02,0.01,0.16,5000,0.0672,0.06058713684977665,0.0744774103573132,0.0,100.033,84.0,116.0,14978.661367769953,100.0,False
5000,0.02,0.02,0.16999999999999998,5000,0.1146,0.10606487544402624,0.12372689094602096,0.0,99.5474,84.0,116.0,3744.6653419424883,100.0,False
5000,0.02,0.05,0.2,5000,0.3432,0.33016471862966773,0.35647604154147766,0.0,99.7956,84.0,116.0,599.146454710798,100.0,False
5000,0.02,0.08,0.22999999999999998,5000,0.6256,0.6120934793873646,0.6389136668020753,0.0,99.951,84.0,116.0,234.04158387140552,100.0,False
5000,0.02,0.1,0.25,5000,0.7878,0.77624806505934,0.7989100294734686,0.0,100.2898,84.0,117.0,149.7866136776995,100.0,False
5000,0.02,0.15,0.3,5000,0.9658,0.9603939968236589,0.9704907857801709,0.0,100.2944,84.0,117.0,66.5718283011998,100.0,True
5000,0.02,0.0,0.15,5000,0.0386,0.03360484048720849,0.04430362088375099,0.0,99.8874,84.0,116.0,,100.0,
5000,0.02,-0.02,0.13,5000,0.0076,0.005542191270153625,0.010413869369335844,0.0,100.0366,84.0,116.0,,100.0,
5000,0.05,0.01,0.16,5000,0.099,0.09102682493502068,0.10758889463531904,0.0,249.9622,225.0,276.0,14978.661367769953,250.0,False
5000,0.05,0.02,0.16999999999999998,5000,0.1966,0.18581857352588824,0.20784728512159575,0.0,250.4344,225.0,276.0,3744.6653419424883,250.0,False
5000,0.05,0.05,0.2,5000,0.6568,0.6435239584585224,0.6698352813703323,0.0,249.736,225.0,275.0,599.146454710798,250.0,False
5000,0.05,0.08,0.22999999999999998,5000,0.9406,0.9337036314404533,0.9468198447623105,0.0,250.1236,225.0,276.0,234.04158387140552,250.0,True
5000,0.05,0.1,0.25,5000,0.988,0.984585187686808,0.9906655076989132,0.0,250.3812,226.0,276.0,149.7866136776995,250.0,True
5000,0.05,0.15,0.3,5000,1.0,0.9992322698624194,1.0,0.0,250.0066,225.0,275.0,66.5718283011998,250.0,True
5000,0.05,0.0,0.15,5000,0.0406,0.03547284651761458,0.04643254393279457,0.0,250.3276,225.0,275.0500000000002,,250.0,
5000,0.05,-0.02,0.13,5000,0.0034,0.0021239187553747756,0.00543859081727037,0.0,249.982,225.0,276.0,,250.0,
5000,0.1,0.01,0.16,5000,0.1368,0.12755330819471222,0.1466043709772264,0.0,500.4034,467.0,534.0,14978.661367769953,500.0,False
5000,0.1,0.02,0.16999999999999998,5000,0.3048,0.29219438599834086,0.31770533584737076,0.0,499.8768,465.0,535.0,3744.6653419424883,500.0,False
5000,0.1,0.05,0.2,5000,0.894,0.8851626050503061,0.9022324236012804,0.0,500.1618,467.0,535.0,599.146454710798,500.0,False
5000,0.1,0.08,0.22999999999999998,5000,0.9974,0.9955563744107833,0.9984798876483515,0.0,499.4936,465.95000000000005,534.0500000000002,234.04158387140552,500.0,True
5000,0.1,0.1,0.25,5000,0.9996,0.9985425830322826,0.9998903010142469,0.0,500.3052,466.0,535.0,149.7866136776995,500.0,True
5000,0.1,0.15,0.3,5000,1.0,0.9992322698624194,1.0,0.0,499.9694,466.0,535.0,66.5718283011998,500.0,True
5000,0.1,0.0,0.15,5000,0.044,0.0386565482585373,0.05004362162693629,0.0,499.829,465.0,535.0,,500.0,
5000,0.1,-0.02,0.13,5000,0.0006,0.00020407096088550332,0.001762737900530094,0.0,499.4996,465.0,534.0,,500.0,
5000,0.2,0.01,0.16,5000,0.2124,0.2012859220231792,0.22395567635195723,0.0,999.694,953.0,1046.0,14978.661367769953,1000.0,False
5000,0.2,0.02,0.16999999999999998,5000,0.5206,0.506741967069943,0.5344264024483886,0.0,1000.041,954.0,1047.0,3744.6653419424883,1000.0,False
5000,0.2,0.05,0.2,5000,0.9954,0.9931065624565739,0.9969327705231111,0.0,1000.2646,953.0,1046.0,599.146454710798,1000.0,True
5000,0.2,0.08,0.22999999999999998,5000,1.0,0.9992322698624194,1.0,0.0,1000.0596,954.0,1046.0,234.04158387140552,1000.0,True
5000,0.2,0.1,0.25,5000,1.0,0.9992322698624194,1.0,0.0,999.8718,953.0,1047.0500000000002,149.7866136776995,1000.0,True
5000,0.2,0.15,0.3,5000,1.0,0.9992322698624194,1.0,0.0,1000.5132,954.95,1048.0,66.5718283011998,1000.0,True
5000,0.2,0.0,0.15,5000,0.0438,0.03846900597988862,0.04983147099764001,0.0,999.975,954.0,1047.0,,1000.0,
5000,0.2,-0.02,0.13,5000,0.0,0.0,0.000767730137580694,0.0,999.6172,953.0,1046.0,,1000.0,
5000,0.4,0.01,0.16,5000,0.34,0.3269967661320483,0.3532489075119777,0.0,2000.2618,1944.0,2060.0,14978.661367769953,2000.0,False
5000,0.4,0.02,0.16999999999999998,5000,0.779,0.7672872149875823,0.7902843915956478,0.0,2000.4962,1943.0,2059.0,3744.6653419424883,2000.0,False
5000,0.4,0.05,0.2,5000,1.0,0.9992322698624194,1.0,0.0,2000.2326,1943.0,2058.0,599.146454710798,2000.0,True
5000,0.4,0.08,0.22999999999999998,5000,1.0,0.9992322698624194,1.0,0.0,2000.0088,1943.0,2058.0,234.04158387140552,2000.0,True
5000,0.4,0.1,0.25,5000,1.0,0.9992322698624194,1.0,0.0,2000.4682,1943.0,2057.0,149.7866136776995,2000.0,True
5000,0.4,0.15,0.3,5000,1.0,0.9992322698624194,1.0,0.0,2000.7538,1944.0,2057.0,66.5718283011998,2000.0,True
5000,0.4,0.0,0.15,5000,0.0438,0.03846900597988862,0.04983147099764001,0.0,2000.2668,1943.0,2059.0,,2000.0,
5000,0.4,-0.02,0.13,5000,0.0,0.0,0.000767730137580694,0.0,2000.4992,1942.0,2058.0,,2000.0,
10000,0.02,0.01,0.16,5000,0.0934,0.08564332407634079,0.10178099407153982,0.0,199.7616,177.0,223.0,14978.661367769953,200.0,False
10000,0.02,0.02,0.16999999999999998,5000,0.1688,0.15867245017652404,0.17943609426660945,0.0,200.1482,178.0,224.0,3744.6653419424883,200.0,False
10000,0.02,0.05,0.2,5000,0.5518,0.5379807500317275,0.5655397131260191,0.0,199.9782,177.0,223.0,599.146454710798,200.0,False
10000,0.02,0.08,0.22999999999999998,5000,0.8862,0.8770993469390542,0.8947076583026785,0.0,199.768,177.0,224.0,234.04158387140552,200.0,False
10000,0.02,0.1,0.25,5000,0.9658,0.9603939968236589,0.9704907857801709,0.0,200.1478,177.0,224.0,149.7866136776995,200.0,True
10000,0.02,0.15,0.3,5000,0.9996,0.9985425830322826,0.9998903010142469,0.0,200.099,177.0,224.0,66.5718283011998,200.0,True
10000,0.02,0.0,0.15,5000,0.0402,0.035098950653111326,0.046007053981407885,0.0,200.1176,178.0,223.0,,200.0,
10000,0.02,-0.02,0.13,5000,0.0038,0.002434119240930543,0.005927776147604539,0.0,200.1398,178.0,223.0,,200.0,
10000,0.05,0.01,0.16,5000,0.1512,0.14153797618008465,0.16139759236389165,0.0,500.2728,464.0,536.0,14978.661367769953,500.0,False
10000,0.05,0.02,0.16999999999999998,5000,0.3316,0.3186840748319496,0.34477449667838767,0.0,499.6766,464.0,535.0500000000002,3744.6653419424883,500.0,False
10000,0.05,0.05,0.2,5000,0.8948,0.8859903979312685,0.903003402352098,0.0,499.9112,464.0,536.0,599.146454710798,500.0,False
10000,0.05,0.08,0.22999999999999998,5000,0.9966,0.9945614091827297,0.9978760812446252,0.0,499.975,465.0,537.0,234.04158387140552,500.0,True
10000,0.05,0.1,0.25,5000,1.0,0.9992322698624194,1.0,0.0,500.1264,464.0,535.0,149.7866136776995,500.0,True
10000,0.05,0.15,0.3,5000,1.0,0.9992322698624194,1.0,0.0,499.7002,464.0,536.0,66.5718283011998,500.0,True
10000,0.05,0.0,0.15,5000,0.0428,0.03753178060686818,0.04877023183093561,0.0,500.182,464.0,536.0,,500.0,
10000,0.05,-0.02,0.13,5000,0.0016,0.0008109653833484613,0.0031543080177919747,0.0,499.9562,465.0,536.0,,500.0,
10000,0.1,0.01,0.16,5000,0.2204,0.20912725476367128,0.23210205992926392,0.0,1000.41,951.0,1050.0,14978.661367769953,1000.0,False
10000,0.1,0.02,0.16999999999999998,5000,0.5192,0.5053414979669273,0.5330290211957895,0.0,1000.5156,951.0,1051.0,3744.6653419424883,1000.0,False
10000,0.1,0.05,0.2,5000,0.9934,0.9907458855884145,0.9952965183118209,0.0,999.494,951.0,1049.0,599.146454710798,1000.0,True
10000,0.1,0.08,0.22999999999999998,5000,1.0,0.9992322698624194,1.0,0.0,999.4998,950.0,1049.0,234.04158387140552,1000.0,True
10000,0.1,0.1,0.25,5000,1.0,0.9992322698624194,1.0,0.0,1000.8262,953.0,1049.0,149.7866136776995,1000.0,True
10000,0.1,0.15,0.3,5000,1.0,0.9992322698624194,1.0,0.0,1000.4342,953.0,1049.0,66.5718283011998,1000.0,True
10000,0.1,0.0,0.15,5000,0.046,0.040533692983861225,0.05216340598106205,0.0,1000.4076,951.0,1051.0,,1000.0,
10000,0.1,-0.02,0.13,5000,0.0,0.0,0.000767730137580694,0.0,1000.3196,951.0,1051.0,,1000.0,
10000,0.2,0.01,0.16,5000,0.3374,0.3244232954227745,0.35062637041796685,0.0,1999.604,1934.0,2065.0,14978.661367769953,2000.0,False
10000,0.2,0.02,0.16999999999999998,5000,0.7802,0.7685087001211303,0.7914610639097696,0.0,1999.977,1933.0,2065.0,3744.6653419424883,2000.0,False
10000,0.2,0.05,0.2,5000,1.0,0.9992322698624194,1.0,0.0,1999.9538,1933.0,2064.0,599.146454710798,2000.0,True
10000,0.2,0.08,0.22999999999999998,5000,1.0,0.9992322698624194,1.0,0.0,2000.9216,1935.0,2068.0,234.04158387140552,2000.0,True
10000,0.2,0.1,0.25,5000,1.0,0.9992322698624194,1.0,0.0,2000.1872,1934.95,2066.0,149.7866136776995,2000.0,True
10000,0.2,0.15,0.3,5000,1.0,0.9992322698624194,1.0,0.0,2000.8594,1936.0,2067.0,66.5718283011998,2000.0,True
10000,0.2,0.0,0.15,5000,0.05,0.044296797964307966,0.05639415915951468,0.0,1998.7476,1935.0,2064.0,,2000.0,
10000,0.2,-0.02,0.13,5000,0.0,0.0,0.000767730137580694,0.0,2000.3946,1936.0,2068.0,,2000.0,
10000,0.4,0.01,0.16,5000,0.544,0.5301659535741342,0.5577664861737587,0.0,4000.2356,3923.0,4079.0,14978.661367769953,4000.0,False
10000,0.4,0.02,0.16999999999999998,5000,0.9646,0.9591107903825019,0.9693758347736582,0.0,3999.5084,3918.0,4081.0,3744.6653419424883,4000.0,True
10000,0.4,0.05,0.2,5000,1.0,0.9992322698624194,1.0,0.0,3999.66,3921.0,4079.05,599.146454710798,4000.0,True
10000,0.4,0.08,0.22999999999999998,5000,1.0,0.9992322698624194,1.0,0.0,3999.6264,3918.0,4080.0,234.04158387140552,4000.0,True
10000,0.4,0.1,0.25,5000,1.0,0.9992322698624194,1.0,0.0,3999.8898,3918.0,4079.0,149.7866136776995,4000.0,True
10000,0.4,0.15,0.3,5000,1.0,0.9992322698624194,1.0,0.0,4000.617,3919.0,4080.0,66.5718283011998,4000.0,True
10000,0.4,0.0,0.15,5000,0.0474,0.04184948841096807,0.05364546090956998,0.0,4000.9834,3919.0,4082.0,,4000.0,
10000,0.4,-0.02,0.13,5000,0.0,0.0,0.000767730137580694,0.0,3999.6172,3920.0,4081.0,,4000.0,
25000,0.02,0.01,0.16,5000,0.1438,0.13434726809041808,0.15379966285959445,0.0,499.9098,465.0,536.0,14978.661367769953,500.0,False
25000,0.02,0.02,0.16999999999999998,5000,0.3254,0.31255151408918225,0.33851657727486106,0.0,499.8992,463.0,536.0,3744.6653419424883,500.0,False
25000,0.02,0.05,0.2,5000,0.896,0.8872323747874358,0.9041595829436004,0.0,499.7304,464.0,537.0,599.146454710798,500.0,False
25000,0.02,0.08,0.22999999999999998,5000,0.9978,0.9960645504871152,0.9987710973879097,0.0,499.93,465.0,537.0,234.04158387140552,500.0,True
25000,0.02,0.1,0.25,5000,1.0,0.9992322698624194,1.0,0.0,499.4668,462.95000000000005,536.0,149.7866136776995,500.0,True
25000,0.02,0.15,0.3,5000,1.0,0.9992322698624194,1.0,0.0,500.0726,464.0,536.0,66.5718283011998,500.0,True
25000,0.02,0.0,0.15,5000,0.0442,0.03884412244814762,0.050255740345270965,0.0,499.71,464.0,535.0,,500.0,
25000,0.02,-0.02,0.13,5000,0.0016,0.0008109653833484613,0.0031543080177919747,0.0,499.6748,463.0,537.0,,500.0,
25000,0.05,0.01,0.16,5000,0.2406,0.22895377487191323,0.2526445235234636,0.0,1249.647,1195.0,1306.0500000000002,14978.661367769953,1250.0,False
25000,0.05,0.02,0.16999999999999998,5000,0.5922,0.5785126373775676,0.6057457931850624,0.0,1249.8884,1194.95,1306.0,3744.6653419424883,1250.0,False
25000,0.05,0.05,0.2,5000,0.9982,0.9965823163898597,0.9990527173010548,0.0,1250.2674,1196.0,1307.0,599.146454710798,1250.0,True
25000,0.05,0.08,0.22999999999999998,5000,1.0,0.9992322698624194,1.0,0.0,1250.2114,1194.0,1307.0,234.04158387140552,1250.0,True
25000,0.05,0.1,0.25,5000,1.0,0.9992322698624194,1.0,0.0,1250.2774,1192.95,1308.0,149.7866136776995,1250.0,True
25000,0.05,0.15,0.3,5000,1.0,0.9992322698624194,1.0,0.0,1249.0946,1192.0,1307.0,66.5718283011998,1250.0,True
25000,0.05,0.0,0.15,5000,0.0494,0.043731622546538354,0.055760255853449375,0.0,1249.6824,1193.0,1308.0,,1250.0,
25000,0.05,-0.02,0.13,5000,0.0,0.0,0.000767730137580694,0.0,1249.5976,1194.0,1307.0,,1250.0,
25000,0.1,0.01,0.16,5000,0.3898,0.3763710422762752,0.4033981654460476,0.0,2499.0232,2423.0,2575.0,14978.661367769953,2500.0,False
25000,0.1,0.02,0.16999999999999998,5000,0.8594,0.8494886107698736,0.8687595448072336,0.0,2500.0024,2424.0,2576.0,3744.6653419424883,2500.0,False
25000,0.1,0.05,0.2,5000,1.0,0.9992322698624194,1.0,0.0,2499.7876,2420.0,2577.0,599.146454710798,2500.0,True
25000,0.1,0.08,0.22999999999999998,5000,1.0,0.9992322698624194,1.0,0.0,2499.4736,2421.0,2578.0,234.04158387140552,2500.0,True
25000,0.1,0.1,0.25,5000,1.0,0.9992322698624194,1.0,0.0,2500.0034,2423.0,2576.0,149.7866136776995,2500.0,True
25000,0.1,0.15,0.3,5000,1.0,0.9992322698624194,1.0,0.0,2501.7098,2424.0,2581.0,66.5718283011998,2500.0,True
25000,0.1,0.0,0.15,5000,0.0492,0.04354328467999217,0.0555489008120506,0.0,2499.6988,2421.95,2578.0,,2500.0,
25000,0.1,-0.02,0.13,5000,0.0,0.0,0.000767730137580694,0.0,2500.1306,2421.0,2578.0,,2500.0,
25000,0.2,0.01,0.16,5000,0.6142,0.6006242652691687,0.6276003851674079,0.0,5001.2044,4897.0,5107.0,14978.661367769953,5000.0,False
25000,0.2,0.02,0.16999999999999998,5000,0.9862,0.9825728396032172,0.9890806196109994,0.0,5001.1164,4898.0,5104.0,3744.6653419424883,5000.0,True
25000,0.2,0.05,0.2,5000,1.0,0.9992322698624194,1.0,0.0,5000.011,4894.95,5108.0,599.146454710798,5000.0,True
25000,0.2,0.08,0.22999999999999998,5000,1.0,0.9992322698624194,1.0,0.0,4999.9328,4896.0,5104.0,234.04158387140552,5000.0,True
25000,0.2,0.1,0.25,5000,1.0,0.9992322698624194,1.0,0.0,4999.1822,4897.0,5101.05,149.7866136776995,5000.0,True
25000,0.2,0.15,0.3,5000,1.0,0.9992322698624194,1.0,0.0,4999.3814,4896.95,5102.0,66.5718283011998,5000.0,True
25000,0.2,0.0,0.15,5000,0.0452,0.03978246494855129,0.05131586238459212,0.0,4999.2824,4895.0,5101.0,,5000.0,
25000,0.2,-0.02,0.13,5000,0.0,0.0,0.000767730137580694,0.0,5000.1138,4894.0,5105.0,,5000.0,
25000,0.4,0.01,0.16,5000,0.8652,0.8554529371658727,0.8743863127416384,0.0,9999.741,9873.0,10129.0,14978.661367769953,10000.0,False
25000,0.4,0.02,0.16999999999999998,5000,1.0,0.9992322698624194,1.0,0.0,10000.1996,9870.0,10129.0,3744.6653419424883,10000.0,True
25000,0.4,0.05,0.2,5000,1.0,0.9992322698624194,1.0,0.0,9997.5924,9874.0,10126.0,599.146454710798,10000.0,True
25000,0.4,0.08,0.22999999999999998,5000,1.0,0.9992322698624194,1.0,0.0,9999.4192,9871.0,10127.0,234.04158387140552,10000.0,True
25000,0.4,0.1,0.25,5000,1.0,0.9992322698624194,1.0,0.0,10000.0312,9866.0,10128.0,149.7866136776995,10000.0,True
25000,0.4,0.15,0.3,5000,1.0,0.9992322698624194,1.0,0.0,10001.0144,9873.0,10128.0,66.5718283011998,10000.0,True
25000,0.4,0.0,0.15,5000,0.0482,0.042602006949243626,0.0544917140030743,0.0,10001.0556,9876.0,10133.0,,10000.0,
25000,0.4,-0.02,0.13,5000,0.0,0.0,0.000767730137580694,0.0,9999.5268,9874.0,10123.0,,10000.0,
50000,0.02,0.01,0.16,5000,0.2076,0.19658421202928988,0.21906475655516733,0.0,1000.0598,950.0,1051.0,14978.661367769953,1000.0,False
50000,0.02,0.02,0.16999999999999998,5000,0.5272,0.5133456448213211,0.5410125906591946,0.0,1000.4572,949.0,1053.0,3744.6653419424883,1000.0,False
50000,0.02,0.05,0.2,5000,0.9946,0.9921544775616745,0.9962860837862307,0.0,998.9066,948.0,1052.0,599.146454710798,1000.0,True
50000,0.02,0.08,0.22999999999999998,5000,1.0,0.9992322698624194,1.0,0.0,999.8156,949.0,1052.0,234.04158387140552,1000.0,True
50000,0.02,0.1,0.25,5000,1.0,0.9992322698624194,1.0,0.0,1000.7002,951.0,1051.0,149.7866136776995,1000.0,True
50000,0.02,0.15,0.3,5000,1.0,0.9992322698624194,1.0,0.0,1000.0928,948.0,1053.0,66.5718283011998,1000.0,True
50000,0.02,0.0,0.15,5000,0.0442,0.03884412244814762,0.050255740345270965,0.0,1000.4232,950.0,1052.0,,1000.0,
50000,0.02,-0.02,0.13,5000,0.0002,3.5304875272480036e-05,0.0011321181702531819,0.0,1000.8122,949.0,1053.0,,1000.0,
50000,0.05,0.01,0.16,5000,0.3856,0.37220106861619406,0.3991745880392845,0.0,2500.387,2422.0,2582.0,14978.661367769953,2500.0,False
50000,0.05,0.02,0.16999999999999998,5000,0.8516,0.841476303669325,0.8611838284979284,0.0,2500.1806,2422.0,2579.0,3744.6653419424883,2500.0,False
50000,0.05,0.05,0.2,5000,1.0,0.9992322698624194,1.0,0.0,2499.8268,2422.0,2581.0,599.146454710798,2500.0,True
50000,0.05,0.08,0.22999999999999998,5000,1.0,0.9992322698624194,1.0,0.0,2500.0874,2422.0,2580.0,234.04158387140552,2500.0,True
50000,0.05,0.1,0.25,5000,1.0,0.9992322698624194,1.0,0.0,2499.6574,2422.0,2580.0,149.7866136776995,2500.0,True
50000,0.05,0.15,0.3,5000,1.0,0.9992322698624194,1.0,0.0,2500.251,2421.0,2581.0,66.5718283011998,2500.0,True
50000,0.05,0.0,0.15,5000,0.0458,0.040345840574710114,0.051951565482268196,0.0,2500.5534,2420.0,2581.05,,2500.0,
50000,0.05,-0.02,0.13,5000,0.0,0.0,0.000767730137580694,0.0,2499.9514,2419.0,2581.0,,2500.0,
50000,0.1,0.01,0.16,5000,0.596,0.5823298805314034,0.6095227152821809,0.0,4999.0222,4889.0,5109.0,14978.661367769953,5000.0,False
50000,0.1,0.02,0.16999999999999998,5000,0.9866,0.9830187301424377,0.989434114887669,0.0,4999.0694,4891.0,5112.0,3744.6653419424883,5000.0,True
50000,0.1,0.05,0.2,5000,1.0,0.9992322698624194,1.0,0.0,4999.2552,4888.0,5112.0,599.146454710798,5000.0,True
50000,0.1,0.08,0.22999999999999998,5000,1.0,0.9992322698624194,1.0,0.0,5000.6178,4894.0,5110.0,234.04158387140552,5000.0,True
50000,0.1,0.1,0.25,5000,1.0,0.9992322698624194,1.0,0.0,4999.771,4888.0,5111.0,149.7866136776995,5000.0,True
50000,0.1,0.15,0.3,5000,1.0,0.9992322698624194,1.0,0.0,5000.575,4891.0,5114.0,66.5718283011998,5000.0,True
50000,0.1,0.0,0.15,5000,0.05,0.044296797964307966,0.05639415915951468,0.0,5001.0548,4894.0,5111.0,,5000.0,
50000,0.1,-0.02,0.13,5000,0.0,0.0,0.000767730137580694,0.0,5000.7222,4891.0,5111.0,,5000.0,
50000,0.2,0.01,0.16,5000,0.8646,0.8548356724178334,0.8738044987658429,0.0,10000.5578,9852.0,10146.05,14978.661367769953,10000.0,False
50000,0.2,0.02,0.16999999999999998,5000,0.9996,0.9985425830322826,0.9998903010142469,0.0,10001.5016,9857.0,10148.0,3744.6653419424883,10000.0,True
50000,0.2,0.05,0.2,5000,1.0,0.9992322698624194,1.0,0.0,9998.2616,9853.0,10148.0,599.146454710798,10000.0,True
50000,0.2,0.08,0.22999999999999998,5000,1.0,0.9992322698624194,1.0,0.0,10001.0234,9852.0,10146.0,234.04158387140552,10000.0,True
50000,0.2,0.1,0.25,5000,1.0,0.9992322698624194,1.0,0.0,10000.9748,9853.0,10149.05,149.7866136776995,10000.0,True
50000,0.2,0.15,0.3,5000,1.0,0.9992322698624194,1.0,0.0,10001.3076,9856.95,10148.0,66.5718283011998,10000.0,True
50000,0.2,0.0,0.15,5000,0.0464,0.04090948748296148,0.05258699729785173,0.0,10000.5442,9856.0,10148.0,,10000.0,
50000,0.2,-0.02,0.13,5000,0.0,0.0,0.000767730137580694,0.0,10000.2124,9853.0,10144.0,,10000.0,
50000,0.4,0.01,0.16,5000,0.987,0.9834653346535969,0.9897868961923997,0.0,19997.2946,19817.0,20178.05,14978.661367769953,20000.0,True
50000,0.4,0.02,0.16999999999999998,5000,1.0,0.9992322698624194,1.0,0.0,19999.4616,19816.0,20184.0,3744.6653419424883,20000.0,True
50000,0.4,0.05,0.2,5000,1.0,0.9992322698624194,1.0,0.0,20001.2962,19822.0,20173.0,599.146454710798,20000.0,True
50000,0.4,0.08,0.22999999999999998,5000,1.0,0.9992322698624194,1.0,0.0,19998.7476,19819.0,20176.05,234.04158387140552,20000.0,True
50000,0.4,0.1,0.25,5000,1.0,0.9992322698624194,1.0,0.0,19999.0188,19825.0,20178.0,149.7866136776995,20000.0,True
50000,0.4,0.15,0.3,5000,1.0,0.9992322698624194,1.0,0.0,20001.2556,19821.0,20182.0,66.5718283011998,20000.0,True
50000,0.4,0.0,0.15,5000,0.0446,0.03921936574067707,0.05067988286863144,0.0,19998.0412,19821.95,20177.0,,20000.0,
50000,0.4,-0.02,0.13,5000,0.0,0.0,0.000767730137580694,0.0,19998.8652,19822.95,20177.0,,20000.0,
