dataset,policy,seed,alpha,marginal_test_risk,marginal_aggregate_violation,max_stratum_over_alpha,hidden_stratum_violation_rate
csv-diabetes,greedy_entropy,0,0.15,0.09956553222302679,0.0,2.743152454780363,1.0
csv-diabetes,random,0,0.15,0.14119599324161228,0.0,3.0407225964482545,1.0
csv-physionet,greedy_entropy,0,0.2,0.14444444444444438,0.0,1.2159090909090906,1.0
csv-physionet,random,0,0.2,0.14444444444444438,0.0,0.9786276715410572,0.0
cube,greedy_entropy,0,0.15,0.12985000000000002,0.0,1.7561022672455382,1.0
cube,random,0,0.15,0.12711944444444445,0.0,1.6674656014203284,1.0
fashionmnist,greedy_entropy,0,0.15,0.13639126984126984,0.0,2.2767140363999,1.0
fashionmnist,random,0,0.15,0.14239365079365082,0.0,2.2959349593495935,1.0
mnist,greedy_entropy,0,0.1,0.08997063492063491,0.0,1.9654527230203813,1.0
mnist,random,0,0.1,0.0871714285714286,0.0,1.6883320867614053,1.0
tabular-adult,greedy_entropy,0,0.25,0.19496314496314493,0.0,1.5177004538577918,1.0
tabular-adult,random,0,0.25,0.1832923832923833,0.0,1.4231523871811644,1.0
tabular-MiniBooNE,greedy_entropy,0,0.15,0.1322825901247224,0.0,2.5049309664694275,1.0
tabular-MiniBooNE,random,0,0.15,0.14290620194771908,0.0,2.297977876417953,1.0
