dataset,policy,seed,am02_status,am02_alpha,am02_tier1,am02_tier3,am02_certified_deployment,am02_deployed_cost_over_T,am02_lambda_ref,am02_G,am05_status,am05_alpha,am05_tier1,am05_tier3,am05_certified_deployment,am05_deployed_cost_over_T,am05_lambda_ref,am05_G,am10_status,am10_alpha,am10_tier1,am10_tier3,am10_certified_deployment,am10_deployed_cost_over_T,am10_lambda_ref,am10_G
csv-diabetes,greedy_entropy,1,ok,0.11,0.0,0.0,0.0,1.0,0.8080808080808082,2,ok,0.15,0.0,0.05,0.05,1.0,0.8080808080808082,2,ok,0.2,1.0,0.0,1.0,0.16360661892884917,0.0,1
csv-diabetes,random,1,ok,0.11,0.0,0.0,0.0,1.0,0.9191919191919192,5,ok,0.15,0.0,1.0,1.0,1.0,0.8282828282828284,4,ok,0.2,1.0,0.0,1.0,0.17416606323919867,0.0,1
csv-physionet,greedy_entropy,1,ok,0.17,0.96,0.04,1.0,0.10285060975609756,0.0,1,ok,0.2,1.0,0.0,1.0,0.0,0.0,1,ok,0.25,1.0,0.0,1.0,0.0,0.0,1
csv-physionet,random,1,ok,0.17,0.96,0.04,1.0,0.09301908310749775,0.0,1,ok,0.2,1.0,0.0,1.0,0.0,0.0,1,ok,0.25,1.0,0.0,1.0,0.0,0.0,1
cube,greedy_entropy,1,ok,0.09,0.0,0.87,0.87,1.0,0.9595959595959597,5,ok,0.15,0.6,0.4,1.0,0.6445502777777775,0.8383838383838385,4,ok,0.2,1.0,0.0,1.0,0.26961958333333336,0.6464646464646465,3
cube,random,1,ok,0.09,0.0,1.0,1.0,1.0,0.9191919191919192,5,ok,0.15,0.69,0.31,1.0,0.7651966666666665,0.7676767676767677,4,ok,0.2,1.0,0.0,1.0,0.48281680555555556,0.6363636363636365,3
fashionmnist,greedy_entropy,1,ok,0.08,0.0,1.0,1.0,1.0,0.9494949494949496,5,ok,0.15,0.34,0.66,1.0,0.8483112568837057,0.7676767676767677,5,ok,0.2,1.0,0.0,1.0,0.10890448655652736,0.6464646464646465,4
fashionmnist,random,1,ok,0.08,0.0,1.0,1.0,1.0,0.9292929292929294,5,ok,0.15,0.01,0.99,1.0,0.993058228053126,0.7676767676767677,5,ok,0.2,1.0,0.0,1.0,0.19003968253968254,0.6767676767676768,5
image-imagenette,greedy_entropy,1,refused,0.05,,,,,,,ok,0.1,0.28,0.72,1.0,0.8120835625830589,0.8383838383838385,4,ok,0.15,1.0,0.0,1.0,0.17549065084349788,0.7777777777777778,3
image-imagenette,random,1,refused,0.05,,,,,,,ok,0.1,0.39,0.61,1.0,0.7186330508976714,0.8383838383838385,4,ok,0.15,1.0,0.0,1.0,0.1585687198977476,0.7575757575757577,3
mnist,greedy_entropy,1,refused,0.03,,,,,,,ok,0.1,1.0,0.0,1.0,0.08704586977648202,0.787878787878788,4,ok,0.15,1.0,0.0,1.0,0.06968532555879495,0.696969696969697,4
mnist,random,1,refused,0.03,,,,,,,ok,0.1,1.0,0.0,1.0,0.18025887593132492,0.797979797979798,5,ok,0.15,1.0,0.0,1.0,0.15243407839326203,0.7171717171717172,5
tabular-adult,greedy_entropy,1,ok,0.18,0.0,0.75,0.75,1.0,0.7474747474747475,3,ok,0.25,0.0,1.0,1.0,1.0,0.7474747474747475,3,ok,0.3,1.0,0.0,1.0,0.0,0.0,1
tabular-adult,random,1,ok,0.18,0.0,0.78,0.78,1.0,0.797979797979798,4,ok,0.25,0.29,0.71,1.0,0.8346562829062829,0.7474747474747475,2,ok,0.3,1.0,0.0,1.0,0.0,0.0,1
tabular-MiniBooNE,greedy_entropy,1,ok,0.11,0.0,1.0,1.0,1.0,0.8686868686868687,5,ok,0.15,0.0,1.0,1.0,1.0,0.7575757575757577,3,ok,0.2,1.0,0.0,1.0,0.1690800273364087,0.7373737373737375,3
tabular-MiniBooNE,random,1,ok,0.11,0.0,1.0,1.0,1.0,0.8787878787878789,5,ok,0.15,0.38,0.62,1.0,0.7812132239876987,0.8080808080808082,4,ok,0.2,1.0,0.0,1.0,0.12872123697249271,0.7474747474747475,3
